year,First_gen,New_Enrollment,Female,CA_residence,Non_CA_residence,International,Afghan,African,African American/Black,Algerian,American Indian/Alaska Native,Armenian,Asian Indian,Assyrian/Chaldean,Azerbaijani,Bahraini,Bangladeshi,Berber,Cambodian,Caribbean,Chinese,Circassian,Cuban,Djiboutian,East Indian,Egyptian,Emerati,Fijian,Filipino,Georgian,Guamanian/Chamoro,Hawaii Other Pacific Islander,Hawaiian,Hmong,Indonesian,Iranian,Iraqi,Israeli,Japanese,Jordanian,Korean,Kurdish,Kuwaiti,Laotian,Latin American/Latino,Lebanese,Libyan,Malaysian,Mauritanian,Mexican/Mexican American/Chicano,Moroccan,Native Hawaiian and Pacific Islander,Omani,Other African American/Black,Other Asian,Other North African,Other Pacific Islander,Other Southwest Asian,Other Spanish American/Latino,Other White,Pakistani,Palestinian,Puerto Rican,Qatari,Samoan,Saudi Arabian,Somali,Sri Lankan,Sudanese,Syrian,Taiwanese,Thai,Tongan,Tunisian,Turkish,Vietnamese,White/Caucasian,White/Middle Eastern,White/North African,Yemeni
2019,1,0,1,1,0,0,72,48,284,3,116,17,259,7,0,0,8,0,55,27,972,0,20,0,0,6,0,32,321,1,10,0,24,92,17,39,9,9,64,7,88,0,0,23,834,17,0,4,1,3020,7,0,0,30,73,0,5,2,342,155,82,34,37,0,10,2,0,4,6,8,47,27,5,0,3,580,1387,2,0,7
2019,1,0,1,0,0,1,1,1,0,0,2,0,15,0,0,0,0,0,1,2,352,0,1,0,0,0,1,0,1,0,1,0,0,0,6,0,0,1,4,0,16,0,0,0,77,1,0,8,0,249,0,0,0,0,8,0,0,0,22,4,0,0,0,0,0,0,0,0,0,0,16,4,0,0,1,8,20,0,0,0
2019,1,0,1,0,1,0,1,4,10,0,5,1,6,0,0,0,0,0,2,0,45,0,0,0,0,0,0,1,9,0,1,0,2,1,0,0,0,1,6,2,3,0,0,0,7,1,0,0,0,35,0,0,0,0,0,0,0,0,7,2,0,0,3,0,2,0,0,1,0,0,8,0,1,0,0,7,44,0,0,0
2019,1,0,0,1,0,0,47,26,111,2,50,14,175,3,0,0,8,1,30,5,571,0,14,0,0,11,0,17,170,0,10,0,18,39,8,27,6,7,48,12,57,1,0,19,384,14,0,3,0,1310,1,0,0,9,48,1,6,1,141,73,53,12,19,0,9,1,1,4,0,3,31,13,0,1,4,363,772,1,1,10
2019,1,0,0,0,0,1,0,4,1,0,1,0,23,0,0,0,0,0,1,1,429,0,0,0,0,0,0,1,3,0,0,0,0,0,11,0,0,0,7,0,13,0,1,0,47,0,0,4,0,130,0,0,0,0,5,0,0,0,7,2,3,0,0,0,0,1,0,0,0,0,12,3,1,0,2,9,11,0,0,0
2019,1,0,0,0,1,0,0,4,5,0,2,0,2,0,0,0,2,0,0,3,23,0,0,0,0,0,0,0,4,0,2,0,0,0,1,2,0,0,2,0,4,0,0,0,9,0,0,0,0,17,0,0,0,0,1,1,0,0,1,0,0,0,1,0,0,0,0,0,1,0,0,1,0,0,0,2,16,0,0,1
2019,1,1,1,1,0,0,23,15,86,1,45,5,69,1,0,0,2,0,15,7,264,0,6,0,0,3,0,10,91,0,4,0,7,23,4,9,5,2,20,4,20,0,0,5,264,7,0,1,0,906,2,0,0,12,32,0,1,1,100,45,24,15,13,0,4,0,0,0,2,4,14,8,2,0,0,177,428,0,0,3
2019,1,1,1,0,0,1,0,1,0,0,2,0,4,0,0,0,0,0,0,0,87,0,0,0,0,0,0,0,0,0,0,0,0,0,2,0,0,0,1,0,2,0,0,0,23,0,0,2,0,68,0,0,0,0,2,0,0,0,4,1,0,0,0,0,0,0,0,0,0,0,5,1,0,0,0,3,6,0,0,0
2019,1,1,1,0,1,0,0,2,4,0,3,1,2,0,0,0,0,0,2,0,12,0,0,0,0,0,0,0,4,0,0,0,1,1,0,0,0,1,4,0,2,0,0,0,3,0,0,0,0,12,0,0,0,0,0,0,0,0,4,1,0,0,2,0,0,0,0,1,0,0,2,0,0,0,0,3,21,0,0,0
2019,1,1,0,1,0,0,21,8,29,2,12,6,74,1,0,0,2,1,12,0,179,0,4,0,0,5,0,5,45,0,4,0,8,9,2,8,2,2,16,4,16,0,0,6,112,5,0,2,0,413,1,0,0,4,12,0,1,1,53,23,16,3,7,0,3,0,0,2,0,0,9,5,0,0,1,100,252,0,0,4
2019,1,1,0,0,0,1,0,1,0,0,1,0,6,0,0,0,0,0,1,0,123,0,0,0,0,0,0,1,1,0,0,0,0,0,1,0,0,0,6,0,4,0,1,0,12,0,0,1,0,37,0,0,0,0,2,0,0,0,1,1,1,0,0,0,0,0,0,0,0,0,2,0,0,0,1,5,1,0,0,0
2019,1,1,0,0,1,0,0,1,4,0,0,0,0,0,0,0,1,0,0,1,6,0,0,0,0,0,0,0,1,0,0,0,0,0,0,1,0,0,2,0,2,0,0,0,1,0,0,0,0,4,0,0,0,0,0,1,0,0,0,0,0,0,1,0,0,0,0,0,1,0,0,0,0,0,0,0,4,0,0,0
2019,0,0,1,1,0,0,18,57,242,2,89,46,640,7,3,1,18,1,27,34,1048,2,24,0,0,31,0,15,686,2,23,0,29,25,33,165,13,37,297,24,263,0,1,11,305,50,0,18,0,748,2,0,0,16,84,1,22,1,265,204,91,51,47,0,5,1,0,15,2,26,229,41,2,4,21,313,3691,2,0,4
2019,0,0,1,0,0,1,0,5,0,1,0,0,105,0,0,0,2,0,0,2,1081,0,2,0,0,1,0,0,13,0,0,0,0,0,38,3,0,0,19,1,57,1,1,0,14,1,0,12,1,11,0,0,0,1,16,0,0,0,8,1,3,0,0,0,0,11,0,1,0,0,56,10,0,0,3,11,33,0,0,0
2019,0,0,1,0,1,0,0,4,8,0,9,3,62,0,0,0,1,0,1,1,91,0,2,0,0,3,0,0,24,0,3,0,6,1,5,4,0,3,32,1,27,0,2,0,18,5,0,2,0,16,0,0,0,1,6,0,0,0,10,14,5,2,3,0,2,0,0,1,1,1,26,8,1,0,4,9,259,0,0,1
2019,0,0,0,1,0,0,22,51,154,2,60,33,348,3,4,1,13,1,11,25,607,2,21,0,3,18,1,9,432,1,15,0,19,14,27,100,16,15,172,13,197,3,0,9,147,36,3,18,0,369,3,0,0,11,51,0,6,6,112,124,87,21,28,1,2,3,0,3,1,13,150,20,2,0,10,231,2365,5,1,5
2019,0,0,0,0,0,1,0,9,0,1,0,1,150,0,1,0,0,0,1,0,1147,0,0,0,0,4,5,0,9,0,0,0,0,0,43,2,1,3,15,4,81,0,2,0,12,3,0,12,0,5,0,0,3,0,18,0,2,1,6,9,5,2,0,0,0,14,0,0,0,0,46,12,0,0,7,15,40,0,0,0
2019,0,0,0,0,1,0,0,1,9,0,1,1,43,0,0,0,4,0,0,5,78,0,3,0,0,4,0,0,13,0,5,0,1,0,2,3,1,2,19,3,33,0,0,2,9,4,0,1,0,12,2,0,0,1,1,0,2,1,9,12,7,2,4,0,0,3,0,3,0,2,39,5,0,0,1,8,149,0,0,0
2019,0,1,1,1,0,0,6,12,79,1,24,14,205,0,2,1,6,1,10,13,335,0,7,0,0,9,0,5,222,0,9,0,13,9,10,52,4,17,74,4,105,0,0,5,94,14,0,6,0,208,2,0,0,6,18,0,9,0,83,58,28,11,11,0,3,1,0,1,1,9,64,19,0,1,9,101,1099,0,0,0
2019,0,1,1,0,0,1,0,2,0,0,0,0,26,0,0,0,1,0,0,0,212,0,1,0,0,1,0,0,4,0,0,0,0,0,21,0,0,0,4,0,21,0,0,0,1,1,0,2,0,4,0,0,0,0,5,0,0,0,2,0,1,0,0,0,0,3,0,0,0,0,18,3,0,0,1,2,8,0,0,0
2019,0,1,1,0,1,0,0,2,5,0,3,1,25,0,0,0,1,0,0,2,29,0,1,0,0,1,0,0,9,0,2,0,2,1,1,2,0,3,9,0,3,0,1,0,7,3,0,1,0,5,0,0,0,0,2,0,0,0,2,4,3,1,2,0,1,0,0,0,0,1,9,4,0,0,2,3,82,0,0,0
2019,0,1,0,1,0,0,8,17,50,2,13,8,112,1,0,0,4,0,5,11,182,0,9,0,0,7,0,3,136,0,5,0,6,6,10,24,7,10,60,5,68,0,0,1,47,11,1,3,0,115,1,0,0,2,14,0,1,3,38,46,32,9,7,0,0,1,0,2,0,6,51,5,1,0,2,75,719,0,0,2
2019,0,1,0,0,0,1,0,5,0,1,0,0,51,0,0,0,0,0,1,0,254,0,0,0,0,2,2,0,2,0,0,0,0,0,14,1,0,1,6,1,18,0,1,0,0,0,0,0,0,2,0,0,1,0,2,0,0,1,1,4,2,2,0,0,0,0,0,0,0,0,17,1,0,0,1,4,11,0,0,0
2019,0,1,0,0,1,0,0,0,1,0,0,1,21,0,0,0,0,0,0,1,34,0,1,0,0,1,0,0,4,0,1,0,0,0,0,2,0,0,5,0,8,0,0,1,2,0,0,1,0,2,0,0,0,1,1,0,0,1,3,2,0,0,0,0,0,1,0,1,0,1,9,2,0,0,1,2,40,0,0,0
2018,1,0,1,1,0,0,70,56,278,2,111,18,268,8,0,0,8,1,55,27,1032,0,26,0,0,8,0,31,314,2,8,0,22,84,17,42,8,10,67,3,97,1,0,29,781,12,0,6,1,2804,7,0,0,26,62,0,10,1,344,164,83,21,41,0,8,4,1,8,4,5,53,25,7,0,4,597,1416,8,1,8
2018,1,0,1,0,0,1,1,2,1,0,0,0,12,0,0,0,0,0,1,2,417,0,1,0,0,1,1,0,3,0,1,1,0,0,7,1,0,1,4,0,20,0,0,0,74,2,0,12,0,250,0,0,0,0,10,0,0,0,22,3,0,0,0,0,0,0,0,2,0,0,17,3,0,0,1,9,19,0,0,0
2018,1,0,1,0,1,0,1,1,9,0,5,0,5,0,0,0,0,0,0,0,46,0,0,0,0,0,0,1,6,0,3,0,1,0,0,0,0,0,2,2,2,0,0,0,12,1,0,0,0,31,0,0,0,1,1,0,0,0,7,2,1,0,2,0,2,0,0,0,0,0,6,0,1,0,0,6,35,0,0,0
2018,1,0,0,1,0,0,39,31,139,1,60,9,159,2,0,0,5,1,27,11,586,1,14,0,0,7,0,21,177,0,8,0,11,35,9,29,8,7,44,8,68,1,0,14,370,14,0,1,0,1218,0,0,0,8,45,1,7,0,137,79,44,16,25,0,8,2,2,6,0,6,34,11,1,1,3,366,781,4,0,6
2018,1,0,0,0,0,1,0,3,4,0,1,0,21,0,1,0,0,0,0,1,429,0,0,0,0,0,0,0,2,0,0,0,0,0,12,0,0,0,3,0,15,0,0,0,51,0,0,6,0,131,0,0,0,0,5,0,0,0,11,2,2,0,0,0,0,1,0,0,0,0,14,3,1,0,1,9,13,0,0,0
2018,1,0,0,0,1,0,1,5,0,0,2,0,3,0,0,0,1,0,0,2,25,0,0,0,0,0,0,0,4,0,2,0,0,0,1,2,0,0,1,0,2,0,0,0,9,0,0,0,0,19,0,0,0,0,2,0,0,1,4,0,0,1,1,0,0,0,0,0,0,0,4,1,0,0,0,1,19,0,0,1
2018,1,1,1,1,0,0,22,16,101,2,34,4,81,2,0,0,3,0,15,7,290,0,7,0,0,2,0,9,89,1,4,0,9,26,6,14,2,5,20,0,28,0,0,9,273,3,0,0,1,911,5,0,0,5,15,0,3,0,112,52,22,6,14,0,3,1,0,1,0,2,10,11,2,0,2,182,492,1,0,2
2018,1,1,1,0,0,1,0,1,1,0,0,0,4,0,0,0,0,0,1,1,152,0,0,0,0,0,0,0,0,0,1,0,0,0,2,0,0,0,1,0,6,0,0,0,25,1,0,3,0,81,0,0,0,0,5,0,0,0,10,0,0,0,0,0,0,0,0,0,0,0,3,1,0,0,0,4,9,0,0,0
2018,1,1,1,0,1,0,1,2,9,0,0,0,1,0,0,0,0,0,0,1,16,0,0,0,0,0,0,0,4,0,1,0,1,0,0,0,0,0,1,1,1,0,0,0,5,0,0,0,0,7,0,0,0,0,0,0,0,0,4,0,0,0,1,0,1,0,0,0,0,0,1,0,1,0,0,2,16,0,0,0
2018,1,1,0,1,0,0,13,10,44,0,13,6,46,1,0,0,2,0,8,4,183,0,6,0,0,2,0,5,59,0,6,0,4,10,4,10,2,3,12,3,21,0,0,4,123,4,0,1,0,395,0,0,0,5,10,1,2,0,35,28,18,5,4,0,1,0,0,1,0,1,6,2,0,1,3,114,237,0,0,2
2018,1,1,0,0,0,1,0,2,1,0,0,0,5,0,1,0,0,0,0,1,153,0,0,0,0,0,0,0,2,0,0,0,0,0,5,0,0,0,0,0,5,0,0,0,16,0,0,3,0,36,0,0,0,0,1,0,0,0,2,0,0,0,0,0,0,0,0,0,0,0,6,1,0,0,1,3,5,0,0,0
2018,1,1,0,0,1,0,0,3,0,0,1,0,1,0,0,0,0,0,0,0,8,0,0,0,0,0,0,0,2,0,3,0,0,0,0,0,0,0,0,0,1,0,0,0,4,0,0,0,0,6,0,0,0,0,1,0,0,0,0,0,0,0,0,0,0,0,0,0,0,0,2,1,0,0,0,1,8,0,0,1
2018,0,0,1,1,0,0,21,61,220,1,96,39,581,8,2,0,17,0,25,26,946,2,27,0,0,33,0,13,654,2,16,0,25,22,29,158,17,26,287,25,216,1,1,10,267,45,0,17,0,729,3,0,0,13,87,1,15,2,248,205,94,51,48,0,3,1,0,14,0,24,229,30,3,4,20,287,3606,5,0,5
2018,0,0,1,0,0,1,0,4,0,1,0,0,99,0,0,0,1,0,0,2,1152,0,1,0,0,0,0,0,9,0,0,0,0,0,31,3,0,0,17,1,57,1,2,0,19,1,0,16,1,11,0,0,0,1,14,0,0,0,7,1,4,0,0,0,0,9,0,1,0,0,51,8,0,0,2,13,37,0,0,0
2018,0,0,1,0,1,0,0,7,10,0,9,2,47,0,0,0,1,0,1,2,91,0,2,0,0,5,1,0,19,0,3,0,4,0,8,2,0,0,33,1,39,0,1,0,16,3,0,3,0,19,0,0,0,2,6,0,0,0,14,15,4,1,3,0,1,0,0,1,1,0,28,5,1,0,2,9,270,0,0,1
2018,0,0,0,1,0,0,21,38,145,2,69,35,338,5,4,1,11,1,8,20,606,2,19,0,2,21,0,7,403,1,13,0,21,9,21,117,13,18,179,10,181,4,1,9,157,32,2,20,0,393,2,0,0,12,50,0,8,4,110,132,73,18,28,1,3,2,0,2,1,13,144,20,2,1,14,205,2439,7,1,6
2018,0,0,0,0,0,1,0,6,0,0,0,1,135,0,1,1,0,0,0,0,1167,0,1,0,0,3,3,0,10,0,0,0,0,0,46,3,2,3,13,4,92,0,2,0,14,3,0,16,0,4,0,0,2,0,18,0,2,0,5,6,4,0,0,0,0,15,0,1,0,0,43,11,0,0,6,18,37,0,0,0
2018,0,0,0,0,1,0,0,0,10,0,2,0,25,0,0,0,4,0,0,5,68,0,2,0,0,3,0,0,14,0,5,0,1,0,4,3,0,2,16,3,34,0,0,1,7,4,0,1,0,10,2,0,0,0,1,0,2,0,7,13,9,2,4,0,0,2,0,2,0,2,42,4,0,0,0,7,138,0,0,0
2018,0,1,1,1,0,0,8,23,67,0,31,10,190,2,0,0,6,0,7,4,313,1,9,0,0,13,0,4,187,1,7,0,5,4,11,41,4,7,91,8,63,0,0,3,81,12,0,8,0,223,1,0,0,2,33,0,4,1,81,51,22,20,12,0,1,0,0,2,0,11,65,10,2,0,4,100,1044,1,0,2
2018,0,1,1,0,0,1,0,2,0,0,0,0,30,0,0,0,1,0,0,0,398,0,0,0,0,0,0,0,5,0,0,0,0,0,10,1,0,0,11,0,18,1,0,0,7,0,0,6,1,2,0,0,0,0,5,0,0,0,3,0,1,0,0,0,0,1,0,0,0,0,16,3,0,0,1,4,13,0,0,0
2018,0,1,1,0,1,0,0,1,3,0,1,1,20,0,0,0,0,0,0,1,24,0,0,0,0,2,0,0,7,0,2,0,2,0,1,0,0,0,16,1,12,0,0,0,10,1,0,0,0,6,0,0,0,2,4,0,0,0,4,6,0,0,0,0,0,0,0,1,1,0,9,1,1,0,1,2,92,0,0,0
2018,0,1,0,1,0,0,7,16,42,0,17,8,101,1,2,0,4,1,2,6,201,0,5,0,1,9,0,1,124,0,6,0,3,2,4,32,2,5,44,1,63,2,0,4,43,15,1,5,0,103,1,0,0,6,13,0,1,2,28,37,29,6,13,0,2,0,0,0,0,1,42,6,1,0,1,69,730,0,0,1
2018,0,1,0,0,0,1,0,0,0,0,0,0,39,0,0,1,0,0,0,0,378,0,1,0,0,3,1,0,3,0,0,0,0,0,15,0,1,1,3,0,36,0,0,0,5,1,0,5,0,1,0,0,0,0,5,0,1,0,0,0,1,0,0,0,0,2,0,0,0,0,8,7,0,0,1,4,10,0,0,0
2018,0,1,0,0,1,0,0,0,3,0,0,0,12,0,0,0,0,0,0,1,19,0,1,0,0,0,0,0,6,0,1,0,0,0,1,0,0,1,5,2,10,0,0,1,2,2,0,0,0,2,0,0,0,0,0,0,2,0,2,6,5,1,1,0,0,0,0,0,0,1,12,0,0,0,0,1,36,0,0,0
2017,1,0,1,1,0,0,66,53,257,1,111,24,264,8,0,0,8,1,54,24,1114,0,32,0,1,7,0,33,308,3,6,0,22,77,18,47,10,7,75,4,101,2,0,29,674,12,0,7,0,2519,3,0,0,27,67,0,10,1,321,154,76,21,40,0,3,3,1,11,4,5,59,23,7,0,4,635,1391,16,2,10
2017,1,0,1,0,0,1,1,3,2,0,0,1,12,0,0,0,0,0,1,0,383,0,0,0,0,1,1,0,5,0,0,1,0,0,9,2,0,1,6,0,19,0,0,0,58,1,0,16,0,214,0,0,0,0,7,0,0,0,14,3,0,0,0,0,0,0,0,3,0,0,19,3,0,0,1,7,12,0,0,0
2017,1,0,1,0,1,0,0,0,6,0,6,0,6,0,0,0,0,0,0,1,53,0,1,0,0,0,0,1,5,0,3,0,0,0,0,0,0,0,3,1,6,0,0,0,8,1,0,0,0,28,0,0,0,1,2,0,0,0,6,3,1,1,2,0,1,0,1,0,0,1,7,0,0,0,0,9,36,0,0,0
2017,1,0,0,1,0,0,33,29,137,1,69,9,170,2,0,0,4,1,30,11,644,1,11,0,2,6,0,20,165,0,3,0,11,41,12,28,9,9,48,7,73,1,0,14,359,15,0,1,0,1215,1,0,0,5,55,1,6,0,149,87,39,15,28,0,9,2,1,6,0,6,38,15,2,0,2,387,875,17,1,8
2017,1,0,0,0,0,1,0,1,3,0,1,0,18,0,0,0,0,0,1,0,416,0,0,0,0,0,0,0,0,0,0,0,0,0,11,0,0,0,6,0,18,0,0,0,49,0,0,3,0,130,0,0,0,0,5,0,0,0,11,2,3,0,0,0,0,1,0,1,0,0,14,2,1,0,0,8,10,0,0,0
2017,1,0,0,0,1,0,2,2,2,0,3,0,2,0,0,0,3,0,0,2,25,0,0,0,0,0,0,0,4,0,1,0,0,0,1,3,1,0,3,0,3,0,0,0,6,0,0,0,0,19,0,0,0,1,2,0,0,1,4,1,0,1,1,0,0,0,0,0,0,0,6,0,0,0,0,1,20,0,0,0
2017,1,1,1,1,0,0,19,19,83,0,38,7,78,3,0,0,2,0,14,12,263,0,6,0,0,2,0,13,103,0,2,0,6,21,6,20,4,2,20,3,23,0,0,9,248,6,0,3,0,849,0,0,0,12,15,0,3,1,99,49,31,9,11,0,1,1,0,5,2,1,16,8,2,0,2,166,449,0,0,1
2017,1,1,1,0,0,1,0,1,0,0,0,0,6,0,0,0,0,0,0,0,146,0,0,0,0,0,1,0,1,0,0,0,0,0,3,0,0,1,2,0,9,0,0,0,24,1,0,7,0,73,0,0,0,0,4,0,0,0,7,1,0,0,0,0,0,0,0,0,0,0,8,0,0,0,0,3,7,0,0,0
2017,1,1,1,0,1,0,0,0,3,0,4,0,3,0,0,0,0,0,0,0,17,0,0,0,0,0,0,1,3,0,1,0,0,0,0,0,0,0,1,0,0,0,0,0,4,0,0,0,0,9,0,0,0,1,1,0,0,0,2,1,0,0,2,0,1,0,0,0,0,0,4,0,0,0,0,3,12,0,0,0
2017,1,1,0,1,0,0,16,8,39,1,22,1,48,0,0,0,1,1,9,2,178,1,4,0,0,2,0,10,60,0,1,0,6,10,2,11,2,3,17,3,20,1,0,8,128,4,0,0,0,399,1,0,0,3,11,0,3,0,49,28,16,3,10,0,3,1,1,2,0,2,11,5,1,0,0,102,297,0,1,2
2017,1,1,0,0,0,1,0,1,1,0,0,0,11,0,0,0,0,0,0,0,174,0,0,0,0,0,0,0,0,0,0,0,0,0,4,0,0,0,3,0,5,0,0,0,25,0,0,2,0,49,0,0,0,0,0,0,0,0,5,1,1,0,0,0,0,0,0,0,0,0,8,1,0,0,0,6,5,0,0,0
2017,1,1,0,0,1,0,2,2,0,0,1,0,0,0,0,0,0,0,0,2,9,0,0,0,0,0,0,0,0,0,0,0,0,0,1,1,1,0,0,0,1,0,0,0,3,0,0,0,0,6,0,0,0,0,1,0,0,0,2,0,0,1,1,0,0,0,0,0,0,0,2,0,0,0,0,0,8,0,0,0
2017,0,0,1,1,0,0,23,52,207,4,101,37,522,8,2,0,21,1,25,29,902,1,25,0,0,34,1,15,650,1,11,0,28,22,29,151,16,31,263,21,241,1,1,8,240,43,2,17,0,662,7,0,0,15,61,3,17,3,225,235,96,41,40,0,2,1,0,14,0,16,259,35,1,4,20,261,3597,19,2,4
2017,0,0,1,0,0,1,0,5,0,1,0,0,96,0,0,0,1,0,1,2,977,0,1,0,0,0,0,0,7,0,0,0,0,0,35,2,0,0,12,1,60,0,2,0,14,1,0,18,0,10,0,0,0,1,11,0,0,0,4,1,3,0,0,0,0,10,0,1,0,0,49,8,0,0,1,13,30,0,0,0
2017,0,0,1,0,1,0,0,6,10,0,7,1,43,0,0,0,1,0,1,3,96,0,2,0,0,3,1,0,16,0,2,0,3,0,9,5,1,0,24,0,36,0,1,0,9,3,0,3,0,17,0,0,0,1,1,0,0,0,12,12,5,1,3,0,1,0,0,0,0,1,33,4,1,0,2,8,236,0,0,1
2017,0,0,0,1,0,0,22,37,150,2,76,39,336,5,3,1,9,0,9,18,592,2,15,0,2,15,1,7,388,2,8,0,23,9,25,123,18,20,193,16,162,4,1,7,159,24,1,18,0,416,3,0,0,6,42,0,9,2,116,145,64,16,27,1,2,3,1,3,1,19,156,17,3,1,19,187,2476,31,1,6
2017,0,0,0,0,0,1,0,7,0,0,0,1,121,0,1,0,1,0,0,0,1038,0,0,0,0,0,2,0,9,0,0,0,0,0,43,2,3,2,16,4,88,0,3,0,13,2,0,20,0,3,0,0,2,1,16,0,1,0,5,7,4,0,0,0,0,18,0,1,1,0,46,7,0,0,8,16,35,1,0,0
2017,0,0,0,0,1,0,0,1,11,0,3,0,20,0,0,1,4,0,1,4,78,0,1,0,0,3,0,0,11,0,4,0,2,0,6,4,1,1,20,2,30,0,0,0,7,3,0,0,0,11,2,0,0,0,3,1,0,0,9,6,6,1,4,0,0,2,0,2,0,1,37,8,0,0,0,7,150,0,1,0
2017,0,1,1,1,0,0,7,14,67,0,29,12,144,0,0,0,6,0,5,9,235,1,6,0,0,13,0,2,197,1,5,0,8,7,5,39,4,9,80,6,54,0,1,1,84,16,0,4,0,222,1,0,0,4,16,0,3,0,81,68,33,8,16,0,0,1,0,4,0,7,55,9,1,3,3,65,1050,0,0,3
2017,0,1,1,0,0,1,0,1,0,1,0,0,31,0,0,0,0,0,0,1,379,0,1,0,0,0,0,0,2,0,0,0,0,0,13,1,0,0,1,1,17,0,1,0,7,0,0,5,0,5,0,0,0,0,6,0,0,0,2,1,0,0,0,0,0,4,0,1,0,0,22,3,0,0,1,4,9,0,0,0
2017,0,1,1,0,1,0,0,1,4,0,5,0,18,0,0,0,0,0,1,2,27,0,1,0,0,0,0,0,10,0,1,0,2,0,3,2,0,0,8,0,12,0,1,0,3,1,0,1,0,9,0,0,0,0,1,0,0,0,3,3,1,1,1,0,0,0,0,0,0,0,11,2,0,0,1,3,90,0,0,0
2017,0,1,0,1,0,0,10,11,48,1,25,16,100,2,0,1,4,0,5,7,143,1,3,0,0,7,0,3,124,0,3,0,10,2,10,39,4,6,56,2,43,1,1,1,46,11,0,5,0,118,0,0,0,2,11,0,6,1,38,45,19,6,7,1,0,3,0,1,0,4,37,5,1,1,3,52,711,2,0,2
2017,0,1,0,0,0,1,0,3,0,0,0,1,41,0,1,0,0,0,0,0,410,0,0,0,0,0,1,0,3,0,0,0,0,0,15,1,2,1,5,3,38,0,0,0,4,1,0,5,0,2,0,0,2,0,11,0,0,0,2,4,1,0,0,0,0,11,0,0,1,0,16,4,0,0,3,2,12,0,0,0
2017,0,1,0,0,1,0,0,0,6,0,2,0,8,0,0,1,1,0,1,1,22,0,0,0,0,1,0,0,6,0,3,0,0,0,2,1,0,1,10,1,8,0,0,0,3,1,0,0,0,6,1,0,0,0,0,0,0,0,6,2,4,1,3,0,0,1,0,0,0,0,12,3,0,0,0,4,51,0,0,0
2016,1,0,1,1,0,0,68,48,244,1,107,23,252,7,0,0,11,1,55,15,1198,0,29,0,0,6,0,32,299,4,7,0,25,79,17,43,6,6,67,2,98,3,0,24,555,8,0,6,0,2244,3,0,0,20,78,0,8,1,301,170,65,15,39,0,3,2,1,7,2,7,67,20,5,0,2,645,1392,50,2,11
2016,1,0,1,0,0,1,1,2,2,0,0,1,10,0,0,0,0,0,1,2,333,0,1,0,0,1,0,0,4,0,0,0,0,0,11,3,0,0,7,0,16,0,0,0,42,0,0,9,0,196,0,0,0,0,5,0,0,0,11,1,0,0,0,0,0,0,0,3,0,0,18,3,0,0,1,5,9,0,1,0
2016,1,0,1,0,1,0,2,0,3,0,2,0,4,0,0,0,1,0,0,1,53,0,1,0,0,0,0,0,2,0,2,1,1,1,0,1,0,0,6,1,8,0,0,0,6,1,0,0,0,34,0,0,0,0,2,0,0,0,5,4,2,1,0,0,0,0,2,1,0,1,10,0,0,0,0,12,37,1,0,0
2016,1,0,0,1,0,0,26,31,134,0,65,11,180,2,0,0,4,0,32,10,724,0,10,0,3,7,0,19,153,0,7,0,14,50,13,25,8,11,50,7,78,0,0,14,319,13,0,4,0,1114,1,0,0,4,59,1,5,0,139,88,40,18,20,0,6,1,1,4,0,6,43,17,1,0,2,430,890,34,1,9
2016,1,0,0,0,0,1,0,1,2,0,1,0,11,0,0,0,0,0,2,0,373,0,1,0,0,0,0,0,0,0,0,0,0,0,13,0,0,0,6,0,19,0,0,0,36,0,1,3,0,107,0,0,0,0,7,0,0,0,8,1,2,0,0,0,0,1,0,0,0,0,8,1,1,0,0,2,6,2,0,0
2016,1,0,0,0,1,0,1,1,5,0,2,0,2,0,0,0,3,0,0,0,29,0,0,0,0,0,0,0,4,0,1,0,1,0,1,2,0,0,5,0,3,0,0,0,5,0,0,0,0,20,0,0,0,1,3,0,0,1,3,1,0,0,0,0,1,0,0,0,0,0,7,0,0,0,0,3,16,1,0,0
2016,1,1,1,1,0,0,30,17,76,0,35,4,84,1,0,0,1,1,18,7,306,0,10,0,0,6,0,15,100,0,1,0,10,19,3,14,2,2,19,0,35,0,0,10,234,2,0,1,0,797,1,0,0,6,27,0,3,0,99,59,21,7,17,0,2,2,1,1,1,2,17,8,4,0,1,178,480,5,1,6
2016,1,1,1,0,0,1,1,2,1,0,0,1,4,0,0,0,0,0,0,1,108,0,1,0,0,1,0,0,1,0,0,0,0,0,5,0,0,0,3,0,5,0,0,0,23,0,0,6,0,84,0,0,0,0,3,0,0,0,2,1,0,0,0,0,0,0,0,0,0,0,9,3,0,0,1,4,3,0,0,0
2016,1,1,1,0,1,0,1,0,0,0,0,0,1,0,0,0,0,0,0,1,17,0,0,0,0,0,0,0,0,0,0,0,0,0,0,1,0,0,0,1,2,0,0,0,2,0,0,0,0,8,0,0,0,0,0,0,0,0,3,0,0,1,0,0,0,0,0,0,0,1,1,0,0,0,0,4,10,0,0,0
2016,1,1,0,1,0,0,13,14,43,0,24,4,72,1,0,0,2,0,8,5,218,0,3,0,1,6,0,6,63,0,1,0,4,17,6,8,4,5,17,2,27,0,0,3,146,6,0,1,0,438,0,0,0,1,23,1,3,0,38,31,18,6,6,0,2,1,1,1,0,2,12,5,0,0,0,127,318,5,0,4
2016,1,1,0,0,0,1,0,0,1,0,1,0,4,0,0,0,0,0,1,0,161,0,0,0,0,0,0,0,0,0,0,0,0,0,5,0,0,0,4,0,10,0,0,0,14,0,1,0,0,38,0,0,0,0,3,0,0,0,4,0,2,0,0,0,0,1,0,1,0,0,4,1,1,0,0,0,4,0,0,0
2016,1,1,0,0,1,0,1,0,1,0,1,0,2,0,0,0,2,0,0,0,7,0,0,0,0,0,0,0,2,0,0,0,0,0,0,2,0,0,1,0,1,0,0,0,1,0,0,0,0,7,0,0,0,0,1,0,0,1,2,1,0,0,1,0,0,0,0,0,0,0,2,0,0,0,0,1,8,0,0,0
2016,0,0,1,1,0,0,22,62,199,4,98,32,496,7,2,0,20,2,19,28,927,0,28,0,0,26,1,16,624,0,11,1,26,19,32,138,17,26,280,21,253,1,1,8,215,33,4,20,0,596,7,0,0,14,69,3,16,3,204,231,87,44,46,0,3,1,0,11,0,15,281,36,0,1,18,272,3633,108,8,2
2016,0,0,1,0,0,1,0,7,0,0,0,0,75,0,0,0,0,0,1,2,797,0,0,0,0,1,0,0,7,0,0,0,0,0,36,2,1,0,16,0,56,0,1,0,9,1,0,16,0,6,0,0,0,1,9,0,0,0,3,1,3,0,0,0,0,6,0,0,0,0,39,7,0,0,0,10,27,0,0,0
2016,0,0,1,0,1,0,0,6,13,0,6,1,35,0,0,0,0,0,0,2,83,0,1,0,0,3,1,0,14,0,3,0,1,0,5,4,2,0,16,0,35,0,0,0,10,3,0,2,0,16,0,0,0,1,1,0,0,0,12,14,8,0,2,0,1,0,0,0,0,1,34,2,1,0,2,5,206,3,0,1
2016,0,0,0,1,0,0,18,40,148,1,70,30,332,3,4,0,6,0,5,17,641,2,14,0,3,14,1,7,390,2,9,0,17,14,20,110,15,18,204,18,180,3,0,6,144,14,3,18,0,402,2,0,0,7,37,0,4,1,128,160,68,15,27,0,5,3,1,7,2,16,202,14,2,1,16,186,2561,88,2,6
2016,0,0,0,0,0,1,0,5,0,0,0,0,93,0,0,0,0,0,0,0,811,0,0,0,0,1,1,0,8,0,0,0,0,0,39,2,1,1,15,1,74,0,3,0,13,1,0,15,0,3,0,0,0,1,8,0,2,0,4,3,4,0,0,0,0,8,0,1,0,0,39,8,0,0,6,14,30,3,0,0
2016,0,0,0,0,1,0,0,2,7,0,3,0,13,0,0,0,4,0,1,3,77,0,1,0,0,2,0,0,7,0,1,0,2,1,6,6,1,0,13,1,28,0,0,0,5,3,0,0,0,10,1,0,0,0,5,1,0,0,6,6,3,0,1,0,0,1,0,2,0,1,35,5,0,0,2,5,133,3,1,0
2016,0,1,1,1,0,0,10,23,69,2,32,13,167,4,1,0,7,0,11,8,247,0,6,0,0,11,1,6,187,0,4,0,6,13,13,50,5,7,77,9,65,0,0,4,92,11,1,2,0,213,3,0,0,6,24,2,5,1,65,80,30,18,13,0,2,0,0,8,0,4,57,13,0,0,9,71,1130,5,0,0
2016,0,1,1,0,0,1,0,3,0,0,0,0,23,0,0,0,0,0,1,1,272,0,0,0,0,0,0,0,2,0,0,0,0,0,13,2,0,0,9,0,17,0,0,0,6,0,0,7,0,2,0,0,0,1,2,0,0,0,1,0,1,0,0,0,0,4,0,0,0,0,16,1,0,0,0,3,12,0,0,0
2016,0,1,1,0,1,0,0,0,3,0,1,1,13,0,0,0,0,0,0,0,25,0,1,0,0,1,0,0,5,0,0,0,1,0,1,2,1,0,2,0,11,0,0,0,5,1,0,1,0,4,0,0,0,1,1,0,0,0,4,3,3,0,1,0,1,0,0,0,0,0,7,1,0,0,1,2,71,0,0,1
2016,0,1,0,1,0,0,7,16,54,0,26,10,101,1,2,0,4,0,3,3,173,1,4,0,1,4,1,2,124,1,2,0,7,2,5,43,7,8,47,11,49,2,0,5,63,8,2,6,0,136,2,0,0,2,15,0,2,1,40,47,21,7,8,0,1,0,0,0,1,8,43,6,0,0,7,65,772,7,0,2
2016,0,1,0,0,0,1,0,4,0,0,0,0,27,0,0,0,0,0,0,0,287,0,0,0,0,1,1,0,3,0,0,0,0,0,21,0,1,0,7,0,32,0,1,0,4,0,0,10,0,1,0,0,0,0,4,0,1,0,2,2,2,0,0,0,0,4,0,0,0,0,8,3,0,0,2,5,11,0,0,0
2016,0,1,0,0,1,0,0,1,3,0,0,0,8,0,0,0,4,0,0,1,23,0,0,0,0,2,0,0,3,0,1,0,0,0,3,3,0,0,4,0,14,0,0,0,1,1,0,0,0,3,1,0,0,0,2,0,0,0,2,1,0,0,0,0,0,0,1,1,0,0,13,2,0,0,2,2,50,0,0,0
2015,1,0,1,1,0,0,48,47,238,1,117,26,240,7,0,0,12,0,62,10,1262,0,21,0,1,0,1,26,270,4,8,1,18,93,19,34,6,6,69,5,100,3,0,24,444,7,0,10,0,1988,3,0,0,15,77,0,6,1,273,166,59,10,32,0,5,0,0,9,1,6,70,23,3,0,1,638,1362,78,4,5
2015,1,0,1,0,0,1,0,1,1,0,0,0,6,0,0,0,0,0,1,1,298,0,0,0,0,0,0,0,4,0,0,0,0,0,8,3,0,0,5,0,15,0,0,0,22,0,0,4,0,127,0,0,0,0,3,0,0,0,9,0,0,0,0,0,0,0,0,4,0,0,12,0,0,0,0,5,9,0,3,0
2015,1,0,1,0,1,0,0,0,8,0,2,0,3,0,0,0,1,0,0,1,42,0,2,0,0,0,0,1,6,0,2,0,2,1,0,1,0,1,6,0,9,0,0,0,8,1,0,0,0,33,0,0,0,1,1,0,0,0,3,2,2,0,1,0,0,0,2,1,0,0,11,0,0,0,0,11,37,2,0,0
2015,1,0,0,1,0,0,23,26,135,0,54,9,165,1,1,0,2,0,41,6,812,0,8,0,5,2,0,20,147,0,9,0,13,53,10,23,4,6,55,5,84,1,0,15,253,8,0,3,0,1009,1,0,0,4,60,0,3,0,142,73,37,14,22,0,6,0,1,2,0,4,38,19,1,0,2,464,902,59,2,6
2015,1,0,0,0,0,1,0,1,1,0,0,0,7,0,0,0,0,0,1,0,278,0,1,0,0,0,0,0,1,0,0,0,0,0,11,0,0,0,3,0,18,0,0,0,25,0,0,4,0,81,0,0,0,0,8,0,0,0,4,1,1,0,0,0,0,0,0,0,0,0,7,0,0,0,0,4,6,3,0,0
2015,1,0,0,0,1,0,0,1,5,0,1,0,2,0,0,0,1,0,0,0,31,0,1,0,1,0,0,0,4,0,1,0,1,0,1,2,0,0,3,0,7,0,0,0,8,0,0,0,0,23,0,0,0,1,3,0,0,0,4,2,0,0,1,0,1,0,0,0,0,0,9,0,0,0,0,5,13,2,0,0
2015,1,1,1,1,0,0,26,16,73,0,40,14,71,4,0,0,5,0,18,4,330,0,7,0,0,0,0,5,75,3,2,0,5,15,5,12,3,4,25,2,34,2,0,6,147,4,0,2,0,615,2,0,0,6,25,0,3,0,92,50,24,6,11,0,2,0,0,1,1,4,17,5,2,0,0,166,407,7,0,2
2015,1,1,1,0,0,1,0,0,1,0,0,0,3,0,0,0,0,0,0,0,152,0,0,0,0,0,0,0,2,0,0,0,0,0,6,2,0,0,2,0,5,0,0,0,13,0,0,2,0,67,0,0,0,0,1,0,0,0,3,0,0,0,0,0,0,0,0,2,0,0,7,0,0,0,0,3,3,0,0,0
2015,1,1,1,0,1,0,0,0,2,0,1,0,1,0,0,0,0,0,0,0,17,0,1,0,0,0,0,0,1,0,1,0,0,0,0,0,0,1,1,0,1,0,0,0,3,1,0,0,0,11,0,0,0,1,1,0,0,0,0,1,1,0,1,0,0,0,1,0,0,0,3,0,0,0,0,7,13,0,0,0
2015,1,1,0,1,0,0,13,6,42,0,21,5,40,0,0,0,1,0,12,2,194,0,3,0,0,1,0,6,42,0,3,0,4,14,3,13,2,2,14,4,18,0,0,1,93,6,0,3,0,296,0,0,0,0,15,0,0,0,43,34,10,6,9,0,3,0,0,2,0,3,12,1,0,0,0,108,294,1,0,5
2015,1,1,0,0,0,1,0,0,0,0,0,0,2,0,0,0,0,0,1,0,145,0,0,0,0,0,0,0,0,0,0,0,0,0,5,0,0,0,0,0,6,0,0,0,10,0,0,1,0,32,0,0,0,0,1,0,0,0,0,0,0,0,0,0,0,0,0,0,0,0,3,0,0,0,0,2,2,0,0,0
2015,1,1,0,0,1,0,0,0,2,0,0,0,2,0,0,0,0,0,0,0,6,0,1,0,0,0,0,1,0,0,0,0,0,0,0,1,0,0,0,0,0,0,0,0,3,0,0,0,0,5,0,0,0,0,1,0,0,0,0,1,0,0,1,0,0,0,0,0,0,0,1,0,0,0,0,1,5,0,0,0
2015,0,0,1,1,0,0,15,49,180,3,93,22,450,4,1,0,18,2,10,26,967,0,27,0,3,18,0,11,593,0,8,1,30,7,29,100,14,22,297,14,259,1,1,5,172,25,4,20,0,534,5,0,0,12,61,1,16,2,196,233,84,28,39,0,2,1,0,8,0,15,306,28,0,1,10,278,3663,205,15,2
2015,0,0,1,0,0,1,0,7,0,0,0,0,56,0,0,0,2,0,0,2,677,0,0,0,0,1,0,0,6,0,0,0,0,0,42,0,1,0,15,0,64,0,1,0,7,1,0,12,0,4,0,0,0,0,9,0,0,0,3,1,2,0,0,0,0,2,0,1,0,0,33,6,0,0,0,9,20,1,0,0
2015,0,0,1,0,1,0,0,9,12,0,7,0,30,1,0,0,1,0,0,2,71,0,0,0,0,2,1,0,14,0,3,0,1,0,5,3,0,0,16,0,28,0,0,0,4,2,0,1,0,16,0,0,0,0,1,0,0,0,11,15,7,0,2,0,0,0,0,0,0,1,32,1,1,0,1,2,186,6,0,0
2015,0,0,0,1,0,0,11,38,137,1,69,25,336,2,2,0,8,1,5,16,719,1,16,0,2,10,0,8,377,1,11,0,16,13,18,81,10,15,213,11,191,1,0,1,114,10,2,18,0,358,2,0,0,9,42,0,6,0,126,145,72,13,26,0,6,3,0,9,1,11,245,10,3,1,11,174,2635,158,7,5
2015,0,0,0,0,0,1,0,2,0,0,0,0,74,0,0,0,0,0,0,0,639,0,0,0,0,0,0,0,8,0,0,0,0,0,26,2,0,1,18,1,72,0,2,1,12,1,0,5,0,4,0,0,0,1,7,0,1,0,4,2,3,0,0,0,0,4,0,2,0,1,38,7,0,0,4,14,24,3,0,0
2015,0,0,0,0,1,0,0,1,4,0,5,0,9,0,0,0,1,0,1,2,73,0,1,0,0,1,0,0,8,0,2,0,2,1,3,2,1,0,12,1,21,0,0,0,4,2,0,0,0,5,0,0,0,0,3,1,0,0,6,7,5,0,1,0,1,1,0,1,0,1,30,3,0,0,1,3,116,2,1,0
2015,0,1,1,1,0,0,5,11,43,0,25,11,125,2,1,0,6,0,6,7,212,0,10,0,0,8,0,6,188,0,0,0,9,1,5,49,7,8,56,9,56,0,0,3,49,13,2,4,0,155,1,0,0,4,15,0,7,2,41,67,23,14,12,0,1,0,0,1,0,7,70,8,0,1,5,74,935,12,2,2
2015,0,1,1,0,0,1,0,1,0,0,0,0,25,0,0,0,1,0,0,1,292,0,0,0,0,0,0,0,1,0,0,0,0,0,15,0,0,0,3,0,31,0,1,0,2,0,0,4,0,2,0,0,0,0,2,0,0,0,2,0,2,0,0,0,0,0,0,0,0,0,11,2,0,0,0,6,8,0,0,0
2015,0,1,1,0,1,0,0,5,4,0,5,0,9,1,0,0,0,0,0,0,38,0,0,0,0,2,1,0,7,0,0,0,0,0,3,3,0,0,9,0,11,0,0,0,2,1,0,0,0,4,0,0,0,0,1,0,0,0,5,8,3,0,2,0,0,0,0,0,0,0,12,0,0,0,0,2,87,0,0,0
2015,0,1,0,1,0,0,7,12,39,1,18,13,81,1,1,0,0,0,1,4,166,1,6,0,0,6,0,1,108,0,5,0,4,6,8,44,5,5,61,2,42,0,0,0,38,2,0,8,0,123,0,0,0,3,12,0,2,0,42,46,24,3,8,0,1,2,0,0,1,1,55,4,1,0,6,48,720,9,0,4
2015,0,1,0,0,0,1,0,1,0,0,0,0,35,0,0,0,0,0,0,0,290,0,0,0,0,0,0,0,4,0,0,0,0,0,15,3,0,1,2,1,23,0,1,0,5,1,0,2,0,1,0,0,0,1,1,0,1,0,2,1,0,0,0,0,0,2,0,1,0,1,24,3,0,0,3,9,14,0,0,0
2015,0,1,0,0,1,0,0,0,4,0,3,0,5,0,0,0,1,0,1,2,25,0,1,0,0,2,0,0,4,0,0,0,2,1,1,1,0,0,4,0,5,0,0,0,3,1,0,1,0,2,0,0,0,0,1,0,0,0,3,6,2,0,0,0,0,1,0,1,0,0,12,0,0,0,0,1,51,0,0,0
2014,1,0,1,1,0,0,24,40,225,1,109,13,235,3,0,0,8,0,55,8,1350,1,18,0,3,0,1,31,270,1,8,1,22,109,18,20,4,3,75,3,100,1,0,26,407,3,0,12,0,1843,1,0,0,16,91,0,5,1,274,160,50,4,24,0,5,0,0,10,0,2,71,24,1,0,1,668,1375,113,6,3
2014,1,0,1,0,0,1,0,1,0,0,0,0,3,0,0,0,0,0,2,1,191,0,0,0,0,0,0,0,2,0,0,0,0,0,4,1,0,0,5,0,13,0,0,0,12,0,0,2,0,80,0,0,0,0,4,0,0,0,6,0,0,0,0,0,0,0,0,2,0,0,10,1,0,0,0,4,10,0,3,0
2014,1,0,1,0,1,0,0,0,8,0,3,0,5,0,0,0,2,0,0,2,47,0,3,0,0,0,0,1,7,0,2,0,3,1,1,1,0,0,8,0,9,0,0,0,10,0,0,0,0,38,0,0,0,0,1,0,0,0,6,2,2,0,2,0,0,0,1,2,0,0,10,0,1,0,0,6,37,3,0,0
2014,1,0,0,1,0,0,12,24,114,0,55,4,178,1,1,0,2,0,38,6,928,0,6,0,6,1,0,19,147,0,6,0,15,50,11,11,2,7,55,1,100,2,0,17,231,3,0,3,0,1009,1,0,0,8,64,0,3,0,147,69,41,8,18,0,3,1,1,5,0,1,57,21,2,0,2,491,946,114,6,1
2014,1,0,0,0,0,1,0,2,1,0,0,0,8,0,0,0,0,0,0,0,204,0,1,0,0,0,0,0,1,0,0,0,0,0,11,0,0,0,3,0,22,0,0,0,21,0,0,6,0,62,0,0,0,0,8,0,0,0,6,1,1,0,0,0,0,0,0,1,0,0,9,0,0,0,0,1,4,2,1,0
2014,1,0,0,0,1,0,0,1,4,0,2,0,4,0,0,0,1,0,0,0,35,0,0,0,1,0,0,0,6,0,0,0,1,0,1,1,0,0,3,0,6,0,0,0,8,0,0,0,0,21,0,0,0,1,2,0,0,0,5,2,1,0,0,0,1,0,0,0,0,0,9,1,0,0,0,4,19,2,0,0
2014,1,1,1,1,0,0,24,18,68,1,44,13,79,3,0,0,1,0,17,4,370,1,8,0,0,0,1,8,80,1,2,0,8,36,7,20,4,3,24,3,22,1,0,13,161,3,0,3,0,653,1,0,0,4,17,0,2,1,100,71,16,5,10,0,2,0,0,3,0,2,16,6,1,0,1,201,479,11,1,3
2014,1,1,1,0,0,1,0,0,0,0,0,0,0,0,0,0,0,0,1,0,86,0,0,0,0,0,0,0,2,0,0,0,0,0,1,1,0,0,2,0,5,0,0,0,4,0,0,1,0,36,0,0,0,0,2,0,0,0,4,0,0,0,0,0,0,0,0,0,0,0,3,0,0,0,0,1,2,0,0,0
2014,1,1,1,0,1,0,0,0,2,0,1,0,3,0,0,0,1,0,0,1,17,0,2,0,0,0,0,0,5,0,2,0,0,0,0,1,0,0,2,0,3,0,0,0,4,0,0,0,0,9,0,0,0,0,1,0,0,0,2,0,1,0,0,0,0,0,1,1,0,0,3,0,0,0,0,3,19,1,0,0
2014,1,1,0,1,0,0,11,8,35,0,23,4,54,1,1,0,2,0,15,3,229,0,2,0,0,1,0,7,45,0,3,0,7,9,3,11,2,7,21,1,22,2,0,8,91,3,0,0,0,350,1,0,0,3,19,0,1,0,55,26,13,8,8,0,1,1,1,1,0,1,12,6,0,0,2,144,312,8,2,1
2014,1,1,0,0,0,1,0,1,1,0,0,0,4,0,0,0,0,0,0,0,85,0,1,0,0,0,0,0,1,0,0,0,0,0,5,0,0,0,3,0,6,0,0,0,12,0,0,4,0,37,0,0,0,0,4,0,0,0,3,1,1,0,0,0,0,0,0,0,0,0,3,0,0,0,0,0,2,0,0,0
2014,1,1,0,0,1,0,0,0,1,0,1,0,1,0,0,0,1,0,0,0,13,0,0,0,0,0,0,0,1,0,0,0,0,0,0,1,0,0,2,0,0,0,0,0,3,0,0,0,0,9,0,0,0,1,2,0,0,0,3,1,1,0,0,0,1,0,0,0,0,0,7,0,0,0,0,1,8,1,0,0
2014,0,0,1,1,0,0,12,47,171,3,97,12,429,2,0,0,13,2,8,21,956,0,19,0,6,11,0,8,507,0,12,1,27,9,35,50,7,14,311,5,275,1,1,4,165,13,2,22,0,500,4,0,0,13,69,1,12,0,212,223,83,14,29,0,1,1,0,8,0,8,329,22,0,0,5,270,3637,287,21,0
2014,0,0,1,0,0,1,0,7,0,0,0,0,34,0,0,0,1,0,0,1,457,0,0,0,0,1,0,0,6,0,0,0,0,0,38,0,1,0,14,0,50,0,0,0,5,1,0,11,0,2,0,0,0,0,8,0,0,0,3,1,1,0,0,0,0,2,0,1,0,0,26,6,0,0,0,6,14,3,0,0
2014,0,0,1,0,1,0,0,6,14,0,3,0,27,0,0,0,3,0,0,2,43,0,1,0,0,0,0,0,12,0,5,0,3,0,2,1,1,0,11,0,29,0,0,0,7,1,0,1,0,16,0,0,0,0,2,0,0,1,10,14,6,0,4,0,0,0,0,0,0,2,32,1,1,0,1,3,143,9,1,0
2014,0,0,0,1,0,0,5,32,124,0,72,12,345,1,1,0,13,1,9,17,779,0,18,0,2,4,0,8,377,1,8,0,18,10,20,37,5,10,214,10,205,1,0,2,105,9,2,14,0,342,2,0,0,9,41,0,5,0,141,139,67,12,31,0,5,1,0,13,0,9,261,9,2,1,5,183,2786,245,18,1
2014,0,0,0,0,0,1,0,1,0,0,0,0,46,0,0,0,0,0,0,0,441,0,0,0,0,0,0,0,4,0,0,0,0,0,16,0,0,0,20,0,87,0,1,1,8,0,0,4,0,4,0,0,0,0,6,0,0,0,3,1,3,0,0,0,0,2,0,1,0,0,19,5,0,0,1,6,10,3,0,0
2014,0,0,0,0,1,0,0,1,3,0,2,0,11,0,0,0,0,0,1,0,57,0,0,0,0,0,0,0,4,0,3,0,0,0,2,2,1,0,10,1,24,0,0,0,2,1,0,1,0,8,0,0,0,0,2,1,0,0,4,2,3,0,1,0,1,0,0,0,0,1,25,3,0,0,1,1,87,4,1,0
2014,0,1,1,1,0,0,12,14,50,3,32,12,135,2,0,0,9,2,3,9,268,0,6,0,1,11,0,2,152,0,3,0,10,4,8,51,6,14,83,5,89,1,1,1,49,13,2,7,0,173,4,0,0,3,17,1,3,0,67,54,28,15,9,0,0,1,0,5,0,9,93,9,0,0,5,78,1005,18,2,0
2014,0,1,1,0,0,1,0,3,0,0,0,0,21,0,0,0,1,0,0,0,183,0,0,0,0,1,0,0,0,0,0,0,0,0,19,0,1,0,9,0,21,0,0,0,0,1,0,4,0,1,0,0,0,0,6,0,0,0,0,1,1,0,0,0,0,2,0,0,0,0,10,3,0,0,0,3,7,0,0,0
2014,0,1,1,0,1,0,0,3,3,0,1,0,13,0,0,0,1,0,0,2,23,0,1,0,0,0,0,0,4,0,2,0,1,0,2,1,1,0,7,0,10,0,0,0,4,1,0,1,0,5,0,0,0,0,1,0,0,1,7,6,1,0,1,0,0,0,0,0,0,1,10,1,1,0,1,2,55,0,0,0
2014,0,1,0,1,0,0,5,8,45,0,20,12,102,1,1,0,2,1,1,7,183,0,5,0,0,4,0,3,97,1,2,0,5,2,6,37,5,10,66,10,55,1,0,1,34,9,2,3,0,100,2,0,0,1,9,0,1,0,32,40,22,12,6,0,1,1,0,4,0,10,47,4,0,1,5,45,802,23,0,1
2014,0,1,0,0,0,1,0,0,0,0,0,0,30,0,0,0,0,0,0,0,201,0,0,0,0,0,0,0,2,0,0,0,0,0,12,0,0,0,9,0,42,0,1,1,6,0,0,2,0,1,0,0,0,0,3,0,0,0,1,1,1,0,0,0,0,2,0,0,0,0,11,1,0,0,1,2,4,0,0,0
2014,0,1,0,0,1,0,0,1,2,0,1,0,5,0,0,0,0,0,0,0,28,0,0,0,0,0,0,0,1,0,2,0,0,0,2,2,1,0,4,1,8,0,0,0,0,1,0,0,0,2,0,0,0,0,1,1,0,0,0,2,2,0,0,0,0,0,0,0,0,0,10,3,0,0,1,1,42,0,0,0
2013,1,0,1,1,0,0,0,25,219,0,101,0,200,0,0,0,7,0,49,8,1321,0,17,0,18,0,0,27,243,0,7,1,16,97,15,0,0,0,69,0,129,0,0,15,317,0,0,12,0,1618,0,0,0,18,115,0,4,0,265,128,48,0,22,0,4,0,0,7,0,0,72,23,0,0,0,639,1305,133,6,0
2013,1,0,1,0,0,1,0,1,0,0,0,0,6,0,0,0,0,0,1,1,149,0,0,0,0,0,0,0,0,0,0,0,0,0,5,0,0,0,3,0,14,0,0,0,13,0,0,1,0,52,0,0,0,0,3,0,0,0,4,1,0,0,0,0,0,0,0,3,0,0,11,2,0,0,0,4,9,0,3,0
2013,1,0,1,0,1,0,0,0,7,0,2,0,3,0,0,0,1,0,0,1,38,0,1,0,1,0,0,1,1,0,0,0,2,3,1,0,0,0,7,0,9,0,0,0,7,0,0,0,0,32,0,0,0,0,2,0,0,0,7,7,1,0,2,0,0,0,0,1,0,0,8,0,1,0,0,4,28,2,0,0
2013,1,0,0,1,0,0,0,22,127,0,56,0,175,0,0,0,0,0,31,4,1023,0,5,0,20,0,0,16,150,0,3,0,12,50,8,0,0,0,46,0,104,0,0,9,181,0,0,2,0,949,0,0,0,7,81,0,3,0,133,64,39,0,12,0,3,0,0,4,0,0,54,18,3,0,0,484,936,143,6,0
2013,1,0,0,0,0,1,0,2,0,0,0,0,7,0,0,0,0,0,1,0,188,0,0,0,0,0,0,0,0,0,0,0,0,0,9,0,0,0,0,0,18,0,0,0,12,0,0,2,0,38,0,0,0,0,6,0,0,0,6,0,1,0,0,0,0,0,0,1,0,0,6,0,0,0,0,4,3,4,1,0
2013,1,0,0,0,1,0,0,1,2,0,1,0,4,0,0,0,0,0,1,0,31,0,0,0,1,0,0,0,5,0,1,0,1,0,1,0,0,0,1,0,5,0,0,1,5,0,0,2,0,14,0,0,0,0,1,0,0,0,2,3,0,0,0,0,0,0,0,0,0,0,3,2,0,0,0,5,12,2,0,0
2013,1,1,1,1,0,0,0,12,70,0,38,0,70,0,0,0,4,0,9,3,341,0,9,0,1,0,0,12,103,0,5,0,3,21,4,0,0,0,16,0,25,0,0,2,112,0,0,2,0,540,0,0,0,8,28,0,2,0,88,50,11,0,10,0,2,0,0,1,0,0,20,8,0,0,0,178,480,53,3,0
2013,1,1,1,0,0,1,0,1,0,0,0,0,3,0,0,0,0,0,1,1,72,0,0,0,0,0,0,0,0,0,0,0,0,0,3,0,0,0,2,0,9,0,0,0,11,0,0,0,0,36,0,0,0,0,1,0,0,0,3,0,0,0,0,0,0,0,0,2,0,0,4,1,0,0,0,2,7,0,3,0
2013,1,1,1,0,1,0,0,1,2,0,1,0,0,0,0,0,1,0,0,0,17,0,1,0,0,0,0,0,0,0,0,0,2,2,0,0,0,0,2,0,6,0,0,0,4,0,0,0,0,12,0,0,0,0,1,0,0,0,4,4,0,0,0,0,0,0,0,1,0,0,3,0,1,0,0,3,14,1,0,0
2013,1,1,0,1,0,0,0,5,34,0,22,0,75,0,0,0,0,0,11,2,261,0,3,0,2,0,0,10,36,0,0,0,7,16,1,0,0,0,16,0,18,0,0,4,67,0,0,1,0,269,0,0,0,3,11,0,2,0,41,26,13,0,8,0,2,0,0,0,0,0,17,7,2,0,0,128,346,53,3,0
2013,1,1,0,0,0,1,0,0,0,0,0,0,4,0,0,0,0,0,0,0,101,0,0,0,0,0,0,0,0,0,0,0,0,0,7,0,0,0,0,0,12,0,0,0,9,0,0,0,0,22,0,0,0,0,4,0,0,0,5,0,0,0,0,0,0,0,0,0,0,0,2,0,0,0,0,1,2,2,0,0
2013,1,1,0,0,1,0,0,0,2,0,0,0,3,0,0,0,0,0,1,0,17,0,0,0,1,0,0,0,4,0,1,0,1,0,1,0,0,0,1,0,4,0,0,1,1,0,0,2,0,4,0,0,0,0,1,0,0,0,0,1,0,0,0,0,0,0,0,0,0,0,1,1,0,0,0,1,6,2,0,0
2013,0,0,1,1,0,0,0,40,150,0,97,0,393,0,0,0,4,0,8,14,911,0,14,0,14,0,0,10,479,0,12,2,22,7,29,0,0,0,293,0,252,0,0,3,154,0,0,18,0,429,0,0,0,11,65,0,11,0,191,208,68,0,26,0,1,0,0,4,0,0,299,21,1,0,0,250,3621,346,26,0
2013,0,0,1,0,0,1,0,4,0,0,0,0,13,0,0,0,0,0,0,1,329,0,0,0,1,0,0,0,7,0,0,0,0,0,27,0,0,0,8,0,38,0,0,0,5,0,0,8,0,1,0,0,0,0,3,0,0,0,4,0,0,0,0,0,0,0,0,1,0,0,19,5,0,0,0,4,7,3,0,0
2013,0,0,1,0,1,0,0,4,14,0,3,0,15,0,0,0,2,0,0,2,24,0,1,0,0,0,0,0,13,0,3,0,2,0,0,0,0,0,6,0,21,0,0,0,2,0,0,0,0,13,0,0,0,0,3,0,0,0,5,10,5,0,5,0,0,0,0,0,0,0,26,0,0,0,0,3,112,9,1,0
2013,0,0,0,1,0,0,0,28,109,0,70,0,331,0,0,0,15,0,8,11,800,0,16,0,18,0,0,6,376,0,8,0,19,10,17,0,0,0,210,0,207,0,0,2,91,0,0,11,0,324,0,0,0,9,47,0,6,0,143,138,50,0,32,0,5,0,0,10,0,0,273,8,2,0,0,189,2825,300,24,0
2013,0,0,0,0,0,1,0,1,0,0,0,0,18,0,0,0,0,0,0,0,296,0,0,0,0,0,0,0,3,0,0,0,0,0,9,0,0,0,11,0,68,0,0,0,2,0,0,3,0,2,0,0,0,0,3,0,0,0,3,1,2,0,0,0,0,0,0,0,0,0,9,5,0,0,0,5,11,5,1,0
2013,0,0,0,0,1,0,0,0,3,0,1,0,8,0,0,0,0,0,1,0,37,0,0,0,0,0,0,0,4,0,1,0,0,0,0,0,0,0,8,0,21,0,0,0,2,0,0,1,0,10,0,0,0,1,1,0,0,0,6,3,1,0,3,0,1,0,0,0,0,0,22,0,0,0,0,2,62,7,1,0
2013,0,1,1,1,0,0,0,13,51,0,27,0,118,0,0,0,2,0,2,7,266,0,8,0,0,0,0,3,146,0,5,0,9,2,10,0,0,0,97,0,72,0,0,0,55,0,0,5,0,152,0,0,0,5,19,0,6,0,67,75,20,0,8,0,0,0,0,0,0,0,90,8,0,0,0,64,1124,120,6,0
2013,0,1,1,0,0,1,0,3,0,0,0,0,12,0,0,0,0,0,0,1,154,0,0,0,0,0,0,0,4,0,0,0,0,0,15,0,0,0,2,0,17,0,0,0,5,0,0,3,0,1,0,0,0,0,0,0,0,0,3,1,0,0,0,0,0,0,0,0,0,0,7,2,0,0,0,2,4,1,0,0
2013,0,1,1,0,1,0,0,2,7,0,1,0,10,0,0,0,1,0,0,1,9,0,1,0,0,0,0,0,6,0,2,0,0,0,0,0,0,0,3,0,8,0,0,0,1,0,0,0,0,5,0,0,0,0,0,0,0,0,5,6,2,0,3,0,0,0,0,0,0,0,8,0,0,0,0,0,50,5,0,0
2013,0,1,0,1,0,0,0,7,25,0,30,0,92,0,0,0,6,0,3,6,194,0,5,0,0,0,0,3,117,0,2,0,7,4,8,0,0,0,53,0,49,0,0,1,31,0,0,3,0,117,0,0,0,1,10,0,1,0,39,43,17,0,10,0,2,0,0,2,0,0,66,4,1,0,0,52,775,97,4,0
2013,0,1,0,0,0,1,0,1,0,0,0,0,13,0,0,0,0,0,0,0,176,0,0,0,0,0,0,0,1,0,0,0,0,0,4,0,0,0,7,0,36,0,0,0,1,0,0,1,0,1,0,0,0,0,0,0,0,0,0,0,1,0,0,0,0,0,0,0,0,0,3,1,0,0,0,3,4,3,1,0
2013,0,1,0,0,1,0,0,0,0,0,0,0,7,0,0,0,0,0,1,0,22,0,0,0,0,0,0,0,1,0,0,0,0,0,0,0,0,0,3,0,6,0,0,0,2,0,0,0,0,5,0,0,0,0,1,0,0,0,1,1,0,0,1,0,0,0,0,0,0,0,11,0,0,0,0,0,22,3,2,0
2012,1,0,1,1,0,0,0,16,215,0,90,0,151,0,0,0,4,0,45,6,1315,0,11,0,43,0,0,18,192,0,2,7,20,84,12,0,0,0,67,0,140,0,0,16,252,0,0,12,0,1510,0,0,0,11,159,0,3,0,252,101,41,0,18,0,5,0,0,8,0,0,57,18,0,0,0,623,1210,108,5,0
2012,1,0,1,0,0,1,0,1,0,0,0,0,4,0,0,0,0,0,0,0,114,0,0,0,0,0,0,0,0,0,0,0,0,0,5,0,0,0,1,0,8,0,0,0,2,0,0,2,0,16,0,0,0,1,3,0,0,0,3,1,0,0,0,0,0,0,0,1,0,0,9,1,0,0,0,3,2,0,0,0
2012,1,0,1,0,1,0,0,1,5,0,3,0,5,0,0,0,0,0,1,1,26,0,0,0,1,0,0,1,3,0,0,0,1,1,1,0,0,0,5,0,8,0,0,0,9,0,0,0,0,28,0,0,0,0,1,0,0,0,7,5,1,0,2,0,0,0,0,0,0,0,6,1,1,0,0,5,28,2,0,0
2012,1,0,0,1,0,0,0,24,137,0,48,0,127,0,0,0,1,0,27,3,1081,0,4,0,44,0,0,11,149,0,3,4,7,40,8,0,0,0,40,0,120,0,0,5,161,0,0,4,0,939,0,0,0,4,113,0,1,0,139,63,30,0,6,0,1,0,0,4,0,0,45,13,2,0,0,499,871,113,5,0
2012,1,0,0,0,0,1,0,2,0,0,0,0,5,0,0,0,0,0,1,0,128,0,0,0,1,0,0,0,0,0,0,0,0,0,2,0,0,0,0,0,18,0,0,0,4,0,0,2,0,18,0,0,0,0,3,0,0,0,1,0,1,0,0,0,0,0,0,1,0,0,7,0,0,0,0,4,1,2,1,0
2012,1,0,0,0,1,0,0,1,2,0,1,0,2,0,0,0,0,0,0,0,28,0,0,0,0,0,0,0,2,0,0,0,0,0,0,0,0,0,1,0,2,0,0,0,5,0,0,0,0,17,0,0,0,0,0,0,0,0,3,3,0,0,0,0,0,0,0,0,0,0,1,1,0,0,0,3,8,1,0,0
2012,1,1,1,1,0,0,0,7,64,0,31,0,62,0,0,0,2,0,23,1,384,0,5,0,0,0,0,7,73,0,0,0,7,33,5,0,0,0,29,0,35,0,0,6,109,0,0,8,0,456,0,0,0,3,26,0,1,0,71,34,19,0,3,0,3,0,0,3,0,0,22,8,0,0,0,177,429,50,1,0
2012,1,1,1,0,0,1,0,0,0,0,0,0,2,0,0,0,0,0,0,0,69,0,0,0,0,0,0,0,0,0,0,0,0,0,3,0,0,0,1,0,2,0,0,0,1,0,0,1,0,9,0,0,0,0,1,0,0,0,2,1,0,0,0,0,0,0,0,0,0,0,5,0,0,0,0,1,1,0,0,0
2012,1,1,1,0,1,0,0,0,2,0,0,0,0,0,0,0,0,0,0,1,9,0,0,0,0,0,0,1,2,0,0,0,1,0,1,0,0,0,2,0,1,0,0,0,3,0,0,0,0,6,0,0,0,0,0,0,0,0,4,2,0,0,0,0,0,0,0,0,0,0,4,0,0,0,0,0,12,1,0,0
2012,1,1,0,1,0,0,0,14,45,0,20,0,55,0,0,0,0,0,7,0,302,0,2,0,0,0,0,2,53,0,3,0,4,16,3,0,0,0,16,0,29,0,0,5,62,0,0,0,0,271,0,0,0,1,21,0,0,0,45,28,12,0,3,0,0,0,0,1,0,0,18,7,1,0,0,160,301,59,0,0
2012,1,1,0,0,0,1,0,2,0,0,0,0,1,0,0,0,0,0,1,0,75,0,0,0,0,0,0,0,0,0,0,0,0,0,1,0,0,0,0,0,10,0,0,0,1,0,0,1,0,9,0,0,0,0,1,0,0,0,0,0,0,0,0,0,0,0,0,0,0,0,3,0,0,0,0,2,0,2,1,0
2012,1,1,0,0,1,0,0,1,0,0,1,0,1,0,0,0,0,0,0,0,11,0,0,0,0,0,0,0,1,0,0,0,0,0,0,0,0,0,1,0,1,0,0,0,3,0,0,0,0,7,0,0,0,0,0,0,0,0,0,1,0,0,0,0,0,0,0,0,0,0,1,0,0,0,0,0,4,0,0,0
2012,0,0,1,1,0,0,0,29,142,0,89,0,321,0,0,0,2,0,7,7,848,0,10,0,93,0,0,7,443,0,7,3,16,5,21,0,0,0,260,0,222,0,0,6,112,0,0,14,0,366,0,0,0,7,71,0,6,0,160,166,69,0,21,0,1,0,0,4,0,0,228,13,1,0,0,246,3433,276,23,0
2012,0,0,1,0,0,1,0,3,0,0,0,0,4,0,0,0,0,0,0,0,222,0,0,0,1,0,0,0,4,0,0,0,0,0,14,0,0,0,7,0,28,0,0,0,2,0,0,5,0,1,0,0,0,0,5,0,0,0,3,0,0,0,0,0,0,0,0,1,0,0,16,3,0,0,0,4,8,3,0,0
2012,0,0,1,0,1,0,0,3,8,0,2,0,6,0,0,0,1,0,0,1,22,0,0,0,0,0,0,0,12,0,1,1,2,0,1,0,0,0,7,0,14,0,0,0,3,0,0,0,0,8,0,0,0,0,5,0,0,0,0,4,3,0,2,0,0,0,0,0,0,0,16,0,0,0,0,4,92,6,1,0
2012,0,0,0,1,0,0,0,23,114,0,53,0,272,0,0,0,10,0,6,7,833,0,12,0,71,0,0,4,358,0,5,3,14,8,13,0,0,0,183,0,223,0,0,1,70,0,0,11,0,296,0,0,0,8,61,0,6,0,145,113,40,0,26,0,3,0,0,8,0,0,229,5,1,0,0,183,2875,252,22,0
2012,0,0,0,0,0,1,0,0,0,0,0,0,6,0,0,0,0,0,0,0,171,0,0,0,0,0,0,0,2,0,0,0,0,0,11,0,0,0,10,0,52,0,0,0,1,0,0,2,0,1,0,0,0,0,5,0,0,0,3,1,2,0,0,0,0,0,0,1,0,0,11,4,0,0,0,5,8,3,0,0
2012,0,0,0,0,1,0,0,0,6,0,1,0,2,0,0,0,0,0,0,0,26,0,0,0,0,0,0,0,7,0,2,0,0,0,0,0,0,0,8,0,18,0,0,0,1,0,0,1,0,5,0,0,0,1,0,0,0,0,5,2,2,0,2,0,1,0,0,0,0,0,17,0,0,0,0,2,56,5,1,0
2012,0,1,1,1,0,0,0,13,47,0,31,0,118,0,0,0,0,0,2,1,295,0,4,0,0,0,0,1,176,0,1,0,5,2,9,0,0,0,104,0,72,0,0,2,59,0,0,5,0,141,0,0,0,0,18,0,3,0,66,75,22,0,12,0,1,0,0,2,0,0,72,8,0,0,0,86,1134,122,12,0
2012,0,1,1,0,0,1,0,1,0,0,0,0,1,0,0,0,0,0,0,0,137,0,0,0,0,0,0,0,0,0,0,0,0,0,11,0,0,0,6,0,8,0,0,0,0,0,0,3,0,1,0,0,0,0,2,0,0,0,0,0,0,0,0,0,0,0,0,1,0,0,6,1,0,0,0,2,2,0,0,0
2012,0,1,1,0,1,0,0,1,2,0,0,0,5,0,0,0,1,0,0,1,8,0,0,0,0,0,0,0,3,0,1,0,1,0,0,0,0,0,2,0,1,0,0,0,0,0,0,0,0,5,0,0,0,0,2,0,0,0,0,1,1,0,0,0,0,0,0,0,0,0,6,0,0,0,0,1,34,4,0,0
2012,0,1,0,1,0,0,0,13,35,0,16,0,106,0,0,0,4,0,3,3,256,0,6,0,0,0,0,3,134,0,2,0,6,4,3,0,0,0,62,0,69,0,0,0,33,0,0,3,0,103,0,0,0,3,15,0,2,0,37,38,17,0,10,0,1,0,0,2,0,0,86,2,1,0,0,69,869,98,7,0
2012,0,1,0,0,0,1,0,0,0,0,0,0,2,0,0,0,0,0,0,0,118,0,0,0,0,0,0,0,1,0,0,0,0,0,6,0,0,0,1,0,19,0,0,0,1,0,0,1,0,1,0,0,0,0,2,0,0,0,1,1,1,0,0,0,0,0,0,1,0,0,5,3,0,0,0,2,4,2,0,0
2012,0,1,0,0,1,0,0,0,2,0,1,0,0,0,0,0,0,0,0,0,9,0,0,0,0,0,0,0,3,0,1,0,0,0,0,0,0,0,1,0,6,0,0,0,0,0,0,0,0,0,0,0,0,0,0,0,0,0,1,0,0,0,1,0,0,0,0,0,0,0,4,0,0,0,0,1,16,3,0,0
2011,1,0,1,1,0,0,0,10,224,0,80,0,119,0,0,0,2,0,29,7,1298,0,6,0,87,0,0,17,176,0,4,16,16,58,7,0,0,0,53,0,133,0,0,12,168,0,0,6,0,1406,0,0,0,9,210,0,2,0,247,81,27,0,22,0,4,0,0,6,0,0,39,14,0,0,0,667,1183,71,6,0
2011,1,0,1,0,0,1,0,2,0,0,0,0,2,0,0,0,0,0,0,0,72,0,0,0,0,0,0,0,0,0,0,0,0,0,8,0,0,0,0,0,9,0,0,0,3,0,0,1,0,8,0,0,0,1,3,0,0,0,1,0,0,0,0,0,0,0,0,1,0,0,7,1,0,0,0,3,1,0,0,0
2011,1,0,1,0,1,0,0,1,5,0,4,0,6,0,0,0,0,0,1,0,27,0,0,0,1,0,0,0,3,0,0,1,3,1,1,0,0,0,4,0,7,0,0,0,5,0,0,0,0,23,0,0,0,0,1,0,0,0,3,3,1,0,2,0,0,0,0,0,0,0,3,1,1,0,0,7,29,1,0,0
2011,1,0,0,1,0,0,0,16,135,0,40,0,93,0,0,0,2,0,25,4,1063,0,3,0,67,0,0,10,132,0,1,8,4,28,6,0,0,0,37,0,124,0,0,3,130,0,0,4,0,913,0,0,0,4,130,0,2,0,143,50,21,0,6,0,1,0,0,3,0,0,29,7,2,0,0,460,845,71,6,0
2011,1,0,0,0,0,1,0,1,0,0,0,0,5,0,0,0,0,0,0,0,81,0,0,0,1,0,0,0,0,0,0,0,0,0,1,0,0,0,0,0,14,0,0,0,2,0,0,2,0,7,0,0,0,0,4,0,0,0,1,0,1,0,0,0,0,0,0,1,0,0,4,1,0,0,0,2,1,0,0,0
2011,1,0,0,0,1,0,0,0,2,0,0,0,4,0,0,0,0,0,0,0,19,0,0,0,0,0,0,0,1,0,0,1,0,0,0,0,0,0,2,0,3,0,0,0,5,0,0,0,0,18,0,0,0,0,1,0,0,0,4,2,0,0,0,0,0,0,0,0,0,0,1,1,0,0,0,6,7,1,0,0
2011,1,1,1,1,0,0,0,6,59,0,29,0,64,0,0,0,1,0,18,3,390,0,5,0,0,0,0,9,64,0,1,0,9,32,2,0,0,0,24,0,42,0,0,10,107,0,0,4,0,428,0,0,0,3,28,0,2,0,68,45,18,0,11,0,3,0,0,3,0,0,27,8,0,0,0,186,418,41,4,0
2011,1,1,1,0,0,1,0,1,0,0,0,0,1,0,0,0,0,0,0,0,42,0,0,0,0,0,0,0,0,0,0,0,0,0,2,0,0,0,0,0,5,0,0,0,2,0,0,1,0,5,0,0,0,1,1,0,0,0,1,0,0,0,0,0,0,0,0,1,0,0,4,1,0,0,0,2,0,0,0,0
2011,1,1,1,0,1,0,0,1,3,0,1,0,4,0,0,0,0,0,2,0,19,0,0,0,0,0,0,0,2,0,0,0,1,1,0,0,0,0,4,0,5,0,0,0,4,0,0,0,0,13,0,0,0,0,1,0,0,0,2,2,1,0,2,0,0,0,0,0,0,0,2,0,0,0,0,4,17,1,0,0
2011,1,1,0,1,0,0,0,4,33,0,15,0,48,0,0,0,2,0,12,2,339,0,2,0,0,0,0,4,44,0,0,0,1,20,3,0,0,0,14,0,45,0,0,0,71,0,0,2,0,324,0,0,0,3,24,0,2,0,42,25,12,0,1,0,0,0,0,0,0,0,21,2,2,0,0,135,310,33,3,0
2011,1,1,0,0,0,1,0,0,0,0,0,0,5,0,0,0,0,0,0,0,47,0,0,0,0,0,0,0,0,0,0,0,0,0,1,0,0,0,0,0,7,0,0,0,1,0,0,1,0,4,0,0,0,0,0,0,0,0,0,0,1,0,0,0,0,0,0,1,0,0,2,0,0,0,0,2,1,0,0,0
2011,1,1,0,0,1,0,0,0,0,0,0,0,2,0,0,0,0,0,0,0,10,0,0,0,0,0,0,0,0,0,0,0,0,0,0,0,0,0,1,0,3,0,0,0,4,0,0,0,0,9,0,0,0,0,0,0,0,0,1,1,0,0,0,0,0,0,0,0,0,0,0,1,0,0,0,3,3,1,0,0
2011,0,0,1,1,0,0,0,17,144,0,76,0,226,0,0,0,2,0,5,6,756,0,6,0,152,0,0,6,375,0,7,8,12,3,12,0,0,0,209,0,188,0,0,4,57,0,0,10,0,321,0,0,0,7,91,0,3,0,136,107,50,0,10,0,0,0,0,3,0,0,167,5,1,0,0,202,3295,185,13,0
2011,0,0,1,0,0,1,0,4,1,0,0,0,3,0,0,0,0,0,0,0,113,0,0,0,2,0,0,0,3,0,0,0,0,0,7,0,0,0,1,0,32,0,0,0,1,0,0,2,0,0,0,0,0,0,4,0,0,0,4,0,0,0,0,0,0,0,0,0,0,0,10,2,0,0,0,6,7,3,0,0
2011,0,0,1,0,1,0,0,2,6,0,2,0,4,0,0,0,0,0,0,0,27,0,0,0,0,0,0,0,10,0,0,1,1,0,1,0,0,0,6,0,24,0,0,0,3,0,0,0,0,3,0,0,0,0,5,0,1,0,2,4,2,0,2,0,0,0,0,0,0,0,14,1,0,0,0,3,91,4,1,0
2011,0,0,0,1,0,0,0,12,114,0,49,0,186,0,0,0,7,0,4,5,793,0,9,0,125,0,0,2,314,0,4,6,11,4,13,0,0,0,161,0,204,0,0,1,44,0,0,10,0,254,0,0,0,5,72,0,6,0,136,89,28,0,19,0,2,0,0,7,0,0,163,4,0,0,0,156,2822,181,15,0
2011,0,0,0,0,0,1,0,1,0,0,0,0,6,0,0,0,0,0,0,0,79,0,0,0,1,0,0,0,4,0,0,0,0,0,7,0,0,0,10,0,54,0,0,0,1,0,0,1,0,2,0,0,0,0,6,0,0,0,1,1,0,0,0,0,0,0,0,0,0,0,9,2,0,0,0,7,7,1,0,0
2011,0,0,0,0,1,0,0,0,5,0,1,0,3,0,0,0,0,0,0,0,24,0,0,0,2,0,0,0,5,0,1,0,0,0,0,0,0,0,10,0,18,0,0,0,2,0,0,1,0,5,0,0,0,1,1,0,0,0,5,3,3,0,1,0,1,0,0,0,0,0,14,0,0,0,0,0,70,7,1,0
2011,0,1,1,1,0,0,0,8,39,0,30,0,116,0,0,0,2,0,2,4,222,0,2,0,1,0,0,5,119,0,3,0,7,1,8,0,0,0,74,0,73,0,0,4,34,0,0,8,0,99,0,0,0,4,19,0,2,0,42,62,30,0,5,0,0,0,0,2,0,0,102,2,0,0,0,74,960,100,6,0
2011,0,1,1,0,0,1,0,2,0,0,0,0,4,0,0,0,0,0,0,0,72,0,0,0,0,0,0,0,1,0,0,0,0,0,3,0,0,0,1,0,19,0,0,0,1,0,0,2,0,0,0,0,0,0,1,0,0,0,1,0,0,0,0,0,0,0,0,0,0,0,9,2,0,0,0,1,2,2,0,0
2011,0,1,1,0,1,0,0,2,2,0,2,0,6,0,0,0,0,0,0,0,6,0,0,0,0,0,0,0,6,0,0,0,1,0,1,0,0,0,4,0,13,0,0,0,3,0,0,0,0,2,0,0,0,0,0,0,0,0,0,2,2,0,2,0,0,0,0,0,0,0,10,0,0,0,0,2,33,3,1,0
2011,0,1,0,1,0,0,0,8,24,0,15,0,100,0,0,0,6,0,3,3,227,0,1,0,0,0,0,2,81,0,0,0,4,1,6,0,0,0,54,0,73,0,0,1,24,0,0,5,0,66,0,0,0,3,13,0,1,0,41,50,13,0,9,0,2,0,0,4,0,0,92,1,0,0,0,45,853,107,9,0
2011,0,1,0,0,0,1,0,1,0,0,0,0,5,0,0,0,0,0,0,0,45,0,0,0,0,0,0,0,2,0,0,0,0,0,3,0,0,0,7,0,30,0,0,0,0,0,0,1,0,2,0,0,0,0,1,0,0,0,0,0,0,0,0,0,0,0,0,0,0,0,4,2,0,0,0,3,1,1,0,0
2011,0,1,0,0,1,0,0,1,5,0,0,0,3,0,0,0,0,0,0,0,7,0,0,0,0,0,0,0,1,0,1,0,0,0,1,0,0,0,3,0,6,0,0,0,1,0,0,1,0,4,0,0,0,1,0,0,0,0,4,3,3,0,1,0,1,0,0,0,0,0,10,0,0,0,0,1,28,6,1,0
2010,1,0,1,1,0,0,0,4,224,0,71,0,60,0,0,0,1,0,13,5,1283,0,2,0,137,0,0,8,171,0,3,34,9,27,7,0,0,0,39,0,127,0,0,3,73,0,0,2,0,1300,0,0,0,7,263,0,0,0,261,39,10,0,14,0,3,0,0,3,0,0,13,6,0,0,0,632,1114,30,2,0
2010,1,0,1,0,0,1,0,1,0,0,0,0,0,0,0,0,0,0,0,0,52,0,0,0,1,0,0,0,0,0,0,0,0,0,6,0,0,0,0,0,9,0,0,0,2,0,0,0,0,9,0,0,0,0,5,0,0,0,0,0,0,0,0,0,0,0,0,0,0,0,4,0,0,0,0,4,2,0,0,0
2010,1,0,1,0,1,0,0,0,6,0,3,0,3,0,0,0,0,0,0,0,17,0,0,0,2,0,0,0,3,0,0,1,2,0,0,0,0,0,1,0,3,0,0,1,1,0,0,0,0,15,0,0,0,0,0,0,0,0,3,1,0,0,0,0,0,0,0,0,0,0,1,1,1,0,0,6,21,0,0,0
2010,1,0,0,1,0,0,0,16,135,0,34,0,46,0,0,0,0,0,13,2,1029,0,1,0,108,0,0,5,111,0,1,14,3,10,2,0,0,0,32,0,113,0,0,3,70,0,0,1,0,790,0,0,0,2,163,0,1,0,139,28,14,0,5,0,1,0,0,3,0,0,11,5,0,0,0,452,813,44,3,0
2010,1,0,0,0,0,1,0,1,0,0,0,0,0,0,0,0,0,0,0,0,55,0,0,0,1,0,0,0,0,0,0,0,0,0,0,0,0,0,1,0,11,0,0,0,1,0,0,1,0,8,0,0,0,1,6,0,0,0,1,0,0,0,0,0,0,0,0,0,0,0,2,1,0,0,0,2,0,0,0,0
2010,1,0,0,0,1,0,0,0,1,0,0,0,2,0,0,0,0,0,0,0,17,0,0,0,2,0,0,0,2,0,0,2,0,0,0,0,0,0,2,0,2,0,0,0,2,0,0,0,0,15,0,0,0,0,2,0,0,0,3,1,0,0,0,0,0,0,0,0,0,0,2,0,0,0,0,5,7,0,0,0
2010,1,1,1,1,0,0,0,4,50,0,35,0,60,0,0,0,1,0,13,5,354,0,2,0,1,0,0,8,44,0,3,0,9,27,7,0,0,0,12,0,40,0,0,3,74,0,0,2,0,380,0,0,0,7,21,0,0,0,60,42,12,0,14,0,3,0,0,3,0,0,13,6,0,0,0,170,378,30,2,0
2010,1,1,1,0,0,1,0,1,0,0,0,0,0,0,0,0,0,0,0,0,26,0,0,0,0,0,0,0,0,0,0,0,0,0,6,0,0,0,0,0,3,0,0,0,2,0,0,0,0,7,0,0,0,0,0,0,0,0,0,0,0,0,0,0,0,0,0,0,0,0,4,0,0,0,0,4,0,0,0,0
2010,1,1,1,0,1,0,0,0,2,0,3,0,3,0,0,0,0,0,0,0,6,0,0,0,0,0,0,0,1,0,0,0,2,0,0,0,0,0,0,0,1,0,0,0,1,0,0,0,0,10,0,0,0,0,0,0,0,0,1,1,0,0,0,0,0,0,0,0,0,0,1,1,1,0,0,1,11,0,0,0
2010,1,1,0,1,0,0,0,14,38,0,14,0,48,0,0,0,0,0,13,2,295,0,1,0,0,0,0,5,48,0,1,0,3,10,3,0,0,0,14,0,36,0,0,3,71,0,0,2,0,261,0,0,0,2,26,0,1,0,34,29,14,0,5,0,1,0,0,3,0,0,10,6,0,0,0,153,254,43,3,0
2010,1,1,0,0,0,1,0,1,0,0,0,0,0,0,0,0,0,0,0,0,27,0,0,0,0,0,0,0,0,0,0,0,0,0,0,0,0,0,1,0,5,0,0,0,1,0,0,1,0,2,0,0,0,1,3,0,0,0,1,0,0,0,0,0,0,0,0,0,0,0,2,1,0,0,0,1,0,0,0,0
2010,1,1,0,0,1,0,0,1,1,0,0,0,2,0,0,0,0,0,0,0,4,0,0,0,0,0,0,0,1,0,0,0,0,0,0,0,0,0,2,0,0,0,0,0,2,0,0,0,0,12,0,0,0,0,0,0,0,0,2,1,0,0,0,0,0,0,0,0,0,0,3,0,0,0,0,2,3,0,0,0
2010,0,0,1,1,0,0,0,9,155,0,68,0,108,0,0,0,1,0,3,3,748,0,4,0,251,0,0,1,355,0,4,9,6,3,4,0,0,0,178,0,178,0,0,0,25,0,0,3,0,308,0,0,0,3,103,0,1,0,151,49,25,0,5,0,0,0,0,1,0,0,70,3,1,0,0,168,3232,84,7,0
2010,0,0,1,0,0,1,0,2,1,0,0,0,1,0,0,0,0,0,0,0,57,0,0,0,1,0,0,0,3,0,0,0,0,0,4,0,0,0,5,0,21,0,0,0,0,0,0,0,0,2,0,0,0,0,8,0,0,0,3,0,0,0,0,0,0,0,0,0,0,0,2,0,0,0,0,4,5,1,0,0
2010,0,0,1,0,1,0,0,0,3,0,0,0,0,0,0,0,0,0,0,0,32,0,0,0,0,0,0,0,10,0,0,1,0,0,0,0,0,0,5,0,19,0,0,0,0,0,0,0,0,0,0,0,0,0,8,0,1,0,3,1,0,0,0,0,0,0,0,0,0,0,5,1,0,0,0,3,100,3,0,0
2010,0,0,0,1,0,0,0,5,129,0,46,0,92,0,0,0,2,0,1,2,801,0,8,0,196,0,0,0,318,0,4,14,8,4,7,0,0,0,149,0,168,0,0,0,26,0,0,5,0,243,0,0,0,3,101,0,4,0,137,44,13,0,12,0,0,0,0,3,0,0,75,3,0,0,0,148,2703,77,6,0
2010,0,0,0,0,0,1,0,0,1,0,0,0,1,0,0,0,0,0,0,0,44,0,0,0,3,0,0,0,3,0,0,0,0,0,3,0,0,0,8,0,39,0,0,0,1,0,0,0,0,0,0,0,0,0,6,0,0,0,4,1,1,0,0,0,0,0,0,0,0,0,6,0,0,0,0,5,6,0,0,0
2010,0,0,0,0,1,0,0,0,3,0,2,0,0,0,0,0,0,0,0,0,26,0,0,0,2,0,0,0,4,0,0,0,0,0,0,0,0,0,7,0,16,0,0,0,1,0,0,0,0,1,0,0,0,0,5,0,0,0,2,0,0,0,0,0,0,0,0,0,0,0,5,0,0,0,0,0,66,4,0,0
2010,0,1,1,1,0,0,0,10,29,0,27,0,110,0,0,0,1,0,3,3,187,0,4,0,0,0,0,1,100,0,4,0,6,4,4,0,0,0,66,0,47,0,0,0,24,0,0,3,0,91,0,0,0,3,23,0,1,0,46,49,23,0,5,0,0,0,0,1,0,0,70,3,1,0,0,53,942,84,7,0
2010,0,1,1,0,0,1,0,2,0,0,0,0,0,0,0,0,0,0,0,0,27,0,0,0,0,0,0,0,2,0,0,0,0,0,4,0,0,0,0,0,7,0,0,0,0,0,0,0,0,0,0,0,0,0,0,0,0,0,2,0,0,0,0,0,0,0,0,0,0,0,2,0,0,0,0,2,4,1,0,0
2010,0,1,1,0,1,0,0,0,1,0,0,0,0,0,0,0,0,0,0,0,9,0,0,0,0,0,0,0,6,0,0,0,0,0,0,0,0,0,3,0,6,0,0,0,0,0,0,0,0,1,0,0,0,0,3,0,1,0,0,1,0,0,0,0,0,0,0,0,0,0,5,1,0,0,0,1,26,3,0,0
2010,0,1,0,1,0,0,0,4,43,0,25,0,95,0,0,0,2,0,1,2,195,0,8,0,1,0,0,0,108,0,4,0,8,4,7,0,0,0,67,0,45,0,0,0,26,0,0,5,0,93,0,0,0,3,14,0,4,0,42,46,15,0,12,0,0,0,0,3,0,0,75,3,0,0,0,42,844,78,7,0
2010,0,1,0,0,0,1,0,0,0,0,0,0,1,0,0,0,0,0,0,0,20,0,0,0,0,0,0,0,2,0,0,0,0,0,3,0,0,0,3,0,22,0,0,0,1,0,0,0,0,0,0,0,0,0,2,0,0,0,3,1,2,0,0,0,0,0,0,0,0,0,6,0,0,0,0,2,1,0,0,0
2010,0,1,0,0,1,0,0,0,1,0,1,0,0,0,0,0,0,0,0,0,10,0,0,0,0,0,0,0,2,0,0,0,0,0,0,0,0,0,1,0,7,0,0,0,1,0,0,0,0,0,0,0,0,0,0,0,0,0,0,0,0,0,0,0,0,0,0,0,0,0,5,0,0,0,0,1,23,4,0,0
2009,1,0,1,1,0,0,0,0,244,0,57,0,0,0,0,0,0,0,0,0,1321,0,0,0,191,0,0,0,160,0,0,42,0,0,0,0,0,0,34,0,122,0,0,0,0,0,0,0,0,1156,0,0,0,0,348,0,0,0,285,0,0,0,0,0,0,0,0,0,0,0,0,0,0,0,0,618,1107,0,0,0
2009,1,0,1,0,0,1,0,0,0,0,0,0,0,0,0,0,0,0,0,0,44,0,0,0,1,0,0,0,0,0,0,1,0,0,0,0,0,0,1,0,9,0,0,0,0,0,0,0,0,3,0,0,0,0,9,0,0,0,0,0,0,0,0,0,0,0,0,0,0,0,0,0,0,0,0,1,2,0,0,0
2009,1,0,1,0,1,0,0,0,3,0,0,0,0,0,0,0,0,0,0,0,24,0,0,0,2,0,0,0,2,0,0,0,0,0,0,0,0,0,1,0,4,0,0,0,0,0,0,0,0,9,0,0,0,0,1,0,0,0,3,0,0,0,0,0,0,0,0,0,0,0,0,0,0,0,0,4,18,0,0,0
2009,1,0,0,1,0,0,0,0,137,0,25,0,0,0,0,0,0,0,0,0,1034,0,0,0,157,0,0,0,81,0,0,24,0,0,0,0,0,0,25,0,100,0,0,0,0,0,0,0,0,719,0,0,0,0,196,0,0,0,152,0,0,0,0,0,0,0,0,0,0,0,0,0,0,0,0,429,767,0,0,0
2009,1,0,0,0,0,1,0,0,0,0,0,0,0,0,0,0,0,0,0,0,44,0,0,0,3,0,0,0,0,0,0,0,0,0,0,0,0,0,4,0,6,0,0,0,0,0,0,0,0,7,0,0,0,0,4,0,0,0,1,0,0,0,0,0,0,0,0,0,0,0,0,0,0,0,0,1,1,0,0,0
2009,1,0,0,0,1,0,0,0,2,0,0,0,0,0,0,0,0,0,0,0,14,0,0,0,2,0,0,0,1,0,0,2,0,0,0,0,0,0,1,0,4,0,0,0,0,0,0,0,0,13,0,0,0,0,2,0,0,0,3,0,0,0,0,0,0,0,0,0,0,0,0,0,0,0,0,3,5,0,0,0
2009,1,1,1,1,0,0,0,0,62,0,14,0,0,0,0,0,0,0,0,0,315,0,0,0,58,0,0,0,43,0,0,10,0,0,0,0,0,0,8,0,28,0,0,0,0,0,0,0,0,371,0,0,0,0,88,0,0,0,82,0,0,0,0,0,0,0,0,0,0,0,0,0,0,0,0,163,337,0,0,0
2009,1,1,1,0,0,1,0,0,0,0,0,0,0,0,0,0,0,0,0,0,23,0,0,0,1,0,0,0,0,0,0,0,0,0,0,0,0,0,0,0,6,0,0,0,0,0,0,0,0,2,0,0,0,0,4,0,0,0,0,0,0,0,0,0,0,0,0,0,0,0,0,0,0,0,0,0,1,0,0,0
2009,1,1,1,0,1,0,0,0,2,0,0,0,0,0,0,0,0,0,0,0,6,0,0,0,1,0,0,0,0,0,0,0,0,0,0,0,0,0,1,0,1,0,0,0,0,0,0,0,0,5,0,0,0,0,3,0,0,0,2,0,0,0,0,0,0,0,0,0,0,0,0,0,0,0,0,1,8,0,0,0
2009,1,1,0,1,0,0,0,0,41,0,12,0,0,0,0,0,0,0,0,0,240,0,0,0,55,0,0,0,26,0,0,5,0,0,0,0,0,0,7,0,24,0,0,0,0,0,0,0,0,220,0,0,0,0,50,0,0,0,56,0,0,0,0,0,0,0,0,0,0,0,0,0,0,0,0,104,235,0,0,0
2009,1,1,0,0,0,1,0,0,0,0,0,0,0,0,0,0,0,0,0,0,18,0,0,0,0,0,0,0,0,0,0,0,0,0,0,0,0,0,1,0,4,0,0,0,0,0,0,0,0,2,0,0,0,0,3,0,0,0,0,0,0,0,0,0,0,0,0,0,0,0,0,0,0,0,0,0,1,0,0,0
2009,1,1,0,0,1,0,0,0,1,0,0,0,0,0,0,0,0,0,0,0,6,0,0,0,0,0,0,0,0,0,0,0,0,0,0,0,0,0,0,0,0,0,0,0,0,0,0,0,0,3,0,0,0,0,0,0,0,0,1,0,0,0,0,0,0,0,0,0,0,0,0,0,0,0,0,2,2,0,0,0
2009,0,0,1,1,0,0,0,0,173,0,48,0,0,0,0,0,0,0,0,0,790,0,0,0,343,0,0,0,358,0,0,17,0,0,0,0,0,0,170,0,173,0,0,0,0,0,0,0,0,293,0,0,0,0,129,0,0,0,161,0,0,0,0,0,0,0,0,0,0,0,0,0,0,0,0,155,3258,0,0,0
2009,0,0,1,0,0,1,0,0,2,0,0,0,0,0,0,0,0,0,0,0,44,0,0,0,3,0,0,0,1,0,0,0,0,0,0,0,0,0,12,0,23,0,0,0,0,0,0,0,0,2,0,0,0,0,12,0,0,0,4,0,0,0,0,0,0,0,0,0,0,0,0,0,0,0,0,3,4,0,0,0
2009,0,0,1,0,1,0,0,0,3,0,0,0,0,0,0,0,0,0,0,0,36,0,0,0,3,0,0,0,5,0,0,2,0,0,0,0,0,0,6,0,14,0,0,0,0,0,0,0,0,0,0,0,0,0,5,0,0,0,4,0,0,0,0,0,0,0,0,0,0,0,0,0,0,0,0,3,108,0,0,0
2009,0,0,0,1,0,0,0,0,119,0,31,0,0,0,0,0,0,0,0,0,858,0,0,0,270,0,0,0,283,0,0,20,0,0,0,0,0,0,137,0,165,0,0,0,0,0,0,0,0,205,0,0,0,0,111,0,0,0,141,0,0,0,0,0,0,0,0,0,0,0,0,0,0,0,0,137,2654,0,0,0
2009,0,0,0,0,0,1,0,0,1,0,0,0,0,0,0,0,0,0,0,0,39,0,0,0,4,0,0,0,2,0,0,0,0,0,0,0,0,0,10,0,30,0,0,0,0,0,0,0,0,0,0,0,0,0,9,0,0,0,2,0,0,0,0,0,0,0,0,0,0,0,0,0,0,0,0,5,8,0,0,0
2009,0,0,0,0,1,0,0,0,2,0,1,0,0,0,0,0,0,0,0,0,31,0,0,0,4,0,0,0,3,0,0,1,0,0,0,0,0,0,7,0,22,0,0,0,0,0,0,0,0,3,0,0,0,0,4,0,0,0,2,0,0,0,0,0,0,0,0,0,0,0,0,0,0,0,0,1,66,0,0,0
2009,0,1,1,1,0,0,0,0,43,0,19,0,0,0,0,0,0,0,0,0,195,0,0,0,109,0,0,0,95,0,0,5,0,0,0,0,0,0,36,0,45,0,0,0,0,0,0,0,0,81,0,0,0,0,19,0,0,0,37,0,0,0,0,0,0,0,0,0,0,0,0,0,0,0,0,48,894,0,0,0
2009,0,1,1,0,0,1,0,0,1,0,0,0,0,0,0,0,0,0,0,0,15,0,0,0,2,0,0,0,1,0,0,0,0,0,0,0,0,0,3,0,5,0,0,0,0,0,0,0,0,0,0,0,0,0,3,0,0,0,0,0,0,0,0,0,0,0,0,0,0,0,0,0,0,0,0,2,1,0,0,0
2009,0,1,1,0,1,0,0,0,3,0,0,0,0,0,0,0,0,0,0,0,8,0,0,0,0,0,0,0,0,0,0,1,0,0,0,0,0,0,1,0,0,0,0,0,0,0,0,0,0,0,0,0,0,0,3,0,0,0,1,0,0,0,0,0,0,0,0,0,0,0,0,0,0,0,0,0,33,0,0,0
2009,0,1,0,1,0,0,0,0,22,0,9,0,0,0,0,0,0,0,0,0,206,0,0,0,83,0,0,0,84,0,0,3,0,0,0,0,0,0,20,0,35,0,0,0,0,0,0,0,0,64,0,0,0,0,25,0,0,0,40,0,0,0,0,0,0,0,0,0,0,0,0,0,0,0,0,49,706,0,0,0
2009,0,1,0,0,0,1,0,0,1,0,0,0,0,0,0,0,0,0,0,0,15,0,0,0,2,0,0,0,0,0,0,0,0,0,0,0,0,0,6,0,15,0,0,0,0,0,0,0,0,0,0,0,0,0,1,0,0,0,2,0,0,0,0,0,0,0,0,0,0,0,0,0,0,0,0,2,5,0,0,0
2009,0,1,0,0,1,0,0,0,0,0,0,0,0,0,0,0,0,0,0,0,11,0,0,0,2,0,0,0,1,0,0,0,0,0,0,0,0,0,4,0,5,0,0,0,0,0,0,0,0,1,0,0,0,0,1,0,0,0,0,0,0,0,0,0,0,0,0,0,0,0,0,0,0,0,0,0,21,0,0,0
2008,1,0,1,1,0,0,0,0,234,0,58,0,0,0,0,0,0,0,0,0,1313,0,0,0,179,0,0,0,159,0,0,40,0,0,0,0,0,0,32,0,127,0,0,0,0,0,0,0,0,1048,0,0,0,0,330,0,0,0,258,0,0,0,0,0,0,0,0,0,0,0,0,0,0,0,0,611,1075,0,0,0
2008,1,0,1,0,0,1,0,0,0,0,0,0,0,0,0,0,0,0,0,0,34,0,0,0,1,0,0,0,0,0,0,2,0,0,0,0,0,0,4,0,5,0,0,0,0,0,0,0,0,7,0,0,0,0,9,0,0,0,0,0,0,0,0,0,0,0,0,0,0,0,0,0,0,0,0,1,2,0,0,0
2008,1,0,1,0,1,0,0,0,4,0,0,0,0,0,0,0,0,0,0,0,26,0,0,0,1,0,0,0,5,0,0,1,0,0,0,0,0,0,0,0,4,0,0,0,0,0,0,0,0,8,0,0,0,0,4,0,0,0,4,0,0,0,0,0,0,0,0,0,0,0,0,0,0,0,0,4,15,0,0,0
2008,1,0,0,1,0,0,0,0,128,0,18,0,0,0,0,0,0,0,0,0,1026,0,0,0,126,0,0,0,83,0,0,25,0,0,0,0,0,0,20,0,102,0,0,0,0,0,0,0,0,656,0,0,0,0,214,0,0,0,137,0,0,0,0,0,0,0,0,0,0,0,0,0,0,0,0,422,737,0,0,0
2008,1,0,0,0,0,1,0,0,0,0,0,0,0,0,0,0,0,0,0,0,34,0,0,0,3,0,0,0,0,0,0,0,0,0,0,0,0,0,3,0,2,0,0,0,0,0,0,0,0,5,0,0,0,0,5,0,0,0,1,0,0,0,0,0,0,0,0,0,0,0,0,0,0,0,0,0,0,0,0,0
2008,1,0,0,0,1,0,0,0,0,0,0,0,0,0,0,0,0,0,0,0,19,0,0,0,3,0,0,0,2,0,0,2,0,0,0,0,0,0,1,0,4,0,0,0,0,0,0,0,0,14,0,0,0,0,1,0,0,0,5,0,0,0,0,0,0,0,0,0,0,0,0,0,0,0,0,2,4,0,0,0
2008,1,1,1,1,0,0,0,0,72,0,17,0,0,0,0,0,0,0,0,0,351,0,0,0,54,0,0,0,47,0,0,15,0,0,0,0,0,0,13,0,34,0,0,0,0,0,0,0,0,376,0,0,0,0,100,0,0,0,81,0,0,0,0,0,0,0,0,0,0,0,0,0,0,0,0,173,346,0,0,0
2008,1,1,1,0,0,1,0,0,0,0,0,0,0,0,0,0,0,0,0,0,17,0,0,0,0,0,0,0,0,0,0,1,0,0,0,0,0,0,0,0,1,0,0,0,0,0,0,0,0,3,0,0,0,0,4,0,0,0,0,0,0,0,0,0,0,0,0,0,0,0,0,0,0,0,0,0,1,0,0,0
2008,1,1,1,0,1,0,0,0,0,0,0,0,0,0,0,0,0,0,0,0,7,0,0,0,0,0,0,0,1,0,0,1,0,0,0,0,0,0,0,0,1,0,0,0,0,0,0,0,0,2,0,0,0,0,1,0,0,0,1,0,0,0,0,0,0,0,0,0,0,0,0,0,0,0,0,1,5,0,0,0
2008,1,1,0,1,0,0,0,0,45,0,5,0,0,0,0,0,0,0,0,0,255,0,0,0,41,0,0,0,29,0,0,5,0,0,0,0,0,0,7,0,30,0,0,0,0,0,0,0,0,213,0,0,0,0,53,0,0,0,29,0,0,0,0,0,0,0,0,0,0,0,0,0,0,0,0,100,250,0,0,0
2008,1,1,0,0,0,1,0,0,0,0,0,0,0,0,0,0,0,0,0,0,20,0,0,0,1,0,0,0,0,0,0,0,0,0,0,0,0,0,3,0,2,0,0,0,0,0,0,0,0,1,0,0,0,0,0,0,0,0,1,0,0,0,0,0,0,0,0,0,0,0,0,0,0,0,0,0,0,0,0,0
2008,1,1,0,0,1,0,0,0,0,0,0,0,0,0,0,0,0,0,0,0,7,0,0,0,1,0,0,0,1,0,0,2,0,0,0,0,0,0,0,0,3,0,0,0,0,0,0,0,0,5,0,0,0,0,1,0,0,0,4,0,0,0,0,0,0,0,0,0,0,0,0,0,0,0,0,0,2,0,0,0
2008,0,0,1,1,0,0,0,0,180,0,38,0,0,0,0,0,0,0,0,0,798,0,0,0,312,0,0,0,360,0,0,18,0,0,0,0,0,0,176,0,176,0,0,0,0,0,0,0,0,290,0,0,0,0,141,0,0,0,163,0,0,0,0,0,0,0,0,0,0,0,0,0,0,0,0,152,3212,0,0,0
2008,0,0,1,0,0,1,0,0,1,0,0,0,0,0,0,0,0,0,0,0,41,0,0,0,2,0,0,0,2,0,0,0,0,0,0,0,0,0,8,0,19,0,0,0,0,0,0,0,0,2,0,0,0,0,12,0,0,0,3,0,0,0,0,0,0,0,0,0,0,0,0,0,0,0,0,1,4,0,0,0
2008,0,0,1,0,1,0,0,0,4,0,0,0,0,0,0,0,0,0,0,0,42,0,0,0,5,0,0,0,8,0,0,1,0,0,0,0,0,0,11,0,19,0,0,0,0,0,0,0,0,2,0,0,0,0,4,0,0,0,5,0,0,0,0,0,0,0,0,0,0,0,0,0,0,0,0,3,98,0,0,0
2008,0,0,0,1,0,0,0,0,127,0,28,0,0,0,0,0,0,0,0,0,903,0,0,0,240,0,0,0,269,0,0,22,0,0,0,0,0,0,150,0,173,0,0,0,0,0,0,0,0,192,0,0,0,0,123,0,0,0,122,0,0,0,0,0,0,0,0,0,0,0,0,0,0,0,0,122,2634,0,0,0
2008,0,0,0,0,0,1,0,0,0,0,0,0,0,0,0,0,0,0,0,0,34,0,0,0,4,0,0,0,2,0,0,0,0,0,0,0,0,0,9,0,24,0,0,0,0,0,0,0,0,2,0,0,0,0,11,0,0,0,1,0,0,0,0,0,0,0,0,0,0,0,0,0,0,0,0,3,5,0,0,0
2008,0,0,0,0,1,0,0,0,2,0,2,0,0,0,0,0,0,0,0,0,27,0,0,0,4,0,0,0,3,0,0,1,0,0,0,0,0,0,4,0,16,0,0,0,0,0,0,0,0,3,0,0,0,0,4,0,0,0,4,0,0,0,0,0,0,0,0,0,0,0,0,0,0,0,0,1,60,0,0,0
2008,0,1,1,1,0,0,0,0,41,0,6,0,0,0,0,0,0,0,0,0,202,0,0,0,76,0,0,0,89,0,0,4,0,0,0,0,0,0,53,0,44,0,0,0,0,0,0,0,0,95,0,0,0,0,38,0,0,0,48,0,0,0,0,0,0,0,0,0,0,0,0,0,0,0,0,45,928,0,0,0
2008,0,1,1,0,0,1,0,0,1,0,0,0,0,0,0,0,0,0,0,0,21,0,0,0,2,0,0,0,0,0,0,0,0,0,0,0,0,0,6,0,6,0,0,0,0,0,0,0,0,0,0,0,0,0,2,0,0,0,2,0,0,0,0,0,0,0,0,0,0,0,0,0,0,0,0,1,3,0,0,0
2008,0,1,1,0,1,0,0,0,1,0,0,0,0,0,0,0,0,0,0,0,13,0,0,0,3,0,0,0,1,0,0,1,0,0,0,0,0,0,2,0,2,0,0,0,0,0,0,0,0,1,0,0,0,0,1,0,0,0,3,0,0,0,0,0,0,0,0,0,0,0,0,0,0,0,0,0,32,0,0,0
2008,0,1,0,1,0,0,0,0,27,0,10,0,0,0,0,0,0,0,0,0,199,0,0,0,60,0,0,0,67,0,0,6,0,0,0,0,0,0,40,0,45,0,0,0,0,0,0,0,0,64,0,0,0,0,41,0,0,0,36,0,0,0,0,0,0,0,0,0,0,0,0,0,0,0,0,35,766,0,0,0
2008,0,1,0,0,0,1,0,0,0,0,0,0,0,0,0,0,0,0,0,0,17,0,0,0,1,0,0,0,0,0,0,0,0,0,0,0,0,0,2,0,7,0,0,0,0,0,0,0,0,1,0,0,0,0,4,0,0,0,0,0,0,0,0,0,0,0,0,0,0,0,0,0,0,0,0,1,0,0,0,0
2008,0,1,0,0,1,0,0,0,1,0,2,0,0,0,0,0,0,0,0,0,7,0,0,0,2,0,0,0,1,0,0,1,0,0,0,0,0,0,1,0,6,0,0,0,0,0,0,0,0,2,0,0,0,0,1,0,0,0,0,0,0,0,0,0,0,0,0,0,0,0,0,0,0,0,0,0,26,0,0,0
2007,1,0,1,1,0,0,0,0,227,0,49,0,0,0,0,0,0,0,0,0,1290,0,0,0,175,0,0,0,140,0,0,38,0,0,0,0,0,0,29,0,121,0,0,0,0,0,0,0,0,943,0,0,0,0,299,0,0,0,232,0,0,0,0,0,0,0,0,0,0,0,0,0,0,0,0,596,1049,0,0,0
2007,1,0,1,0,0,1,0,0,0,0,0,0,0,0,0,0,0,0,0,0,29,0,0,0,1,0,0,0,0,0,0,1,0,0,0,0,0,0,4,0,6,0,0,0,0,0,0,0,0,6,0,0,0,0,10,0,0,0,1,0,0,0,0,0,0,0,0,0,0,0,0,0,0,0,0,1,1,0,0,0
2007,1,0,1,0,1,0,0,0,4,0,0,0,0,0,0,0,0,0,0,0,28,0,0,0,1,0,0,0,4,0,0,1,0,0,0,0,0,0,1,0,6,0,0,0,0,0,0,0,0,9,0,0,0,0,5,0,0,0,6,0,0,0,0,0,0,0,0,0,0,0,0,0,0,0,0,5,12,0,0,0
2007,1,0,0,1,0,0,0,0,115,0,18,0,0,0,0,0,0,0,0,0,1010,0,0,0,116,0,0,0,80,0,0,30,0,0,0,0,0,0,22,0,110,0,0,0,0,0,0,0,0,596,0,0,0,0,200,0,0,0,137,0,0,0,0,0,0,0,0,0,0,0,0,0,0,0,0,451,680,0,0,0
2007,1,0,0,0,0,1,0,0,0,0,0,0,0,0,0,0,0,0,0,0,22,0,0,0,2,0,0,0,0,0,0,0,0,0,0,0,0,0,0,0,5,0,0,0,0,0,0,0,0,5,0,0,0,0,5,0,0,0,1,0,0,0,0,0,0,0,0,0,0,0,0,0,0,0,0,0,1,0,0,0
2007,1,0,0,0,1,0,0,0,0,0,0,0,0,0,0,0,0,0,0,0,17,0,0,0,3,0,0,0,0,0,0,1,0,0,0,0,0,0,2,0,6,0,0,0,0,0,0,0,0,16,0,0,0,0,0,0,0,0,2,0,0,0,0,0,0,0,0,0,0,0,0,0,0,0,0,2,5,0,0,0
2007,1,1,1,1,0,0,0,0,89,0,20,0,0,0,0,0,0,0,0,0,364,0,0,0,50,0,0,0,58,0,0,17,0,0,0,0,0,0,10,0,44,0,0,0,0,0,0,0,0,330,0,0,0,0,105,0,0,0,87,0,0,0,0,0,0,0,0,0,0,0,0,0,0,0,0,176,358,0,0,0
2007,1,1,1,0,0,1,0,0,0,0,0,0,0,0,0,0,0,0,0,0,15,0,0,0,0,0,0,0,0,0,0,1,0,0,0,0,0,0,4,0,2,0,0,0,0,0,0,0,0,3,0,0,0,0,3,0,0,0,0,0,0,0,0,0,0,0,0,0,0,0,0,0,0,0,0,0,0,0,0,0
2007,1,1,1,0,1,0,0,0,3,0,0,0,0,0,0,0,0,0,0,0,8,0,0,0,1,0,0,0,4,0,0,1,0,0,0,0,0,0,1,0,0,0,0,0,0,0,0,0,0,2,0,0,0,0,2,0,0,0,3,0,0,0,0,0,0,0,0,0,0,0,0,0,0,0,0,1,6,0,0,0
2007,1,1,0,1,0,0,0,0,42,0,12,0,0,0,0,0,0,0,0,0,288,0,0,0,41,0,0,0,30,0,0,6,0,0,0,0,0,0,4,0,25,0,0,0,0,0,0,0,0,191,0,0,0,0,76,0,0,0,49,0,0,0,0,0,0,0,0,0,0,0,0,0,0,0,0,124,218,0,0,0
2007,1,1,0,0,0,1,0,0,0,0,0,0,0,0,0,0,0,0,0,0,6,0,0,0,1,0,0,0,1,0,0,0,0,0,0,0,0,0,0,0,1,0,0,0,0,0,0,0,0,1,0,0,0,0,5,0,0,0,0,0,0,0,0,0,0,0,0,0,0,0,0,0,0,0,0,0,1,0,0,0
2007,1,1,0,0,1,0,0,0,0,0,0,0,0,0,0,0,0,0,0,0,7,0,0,0,2,0,0,0,0,0,0,1,0,0,0,0,0,0,0,0,3,0,0,0,0,0,0,0,0,6,0,0,0,0,1,0,0,0,1,0,0,0,0,0,0,0,0,0,0,0,0,0,0,0,0,3,4,0,0,0
2007,0,0,1,1,0,0,0,0,182,0,41,0,0,0,0,0,0,0,0,0,826,0,0,0,307,0,0,0,375,0,0,26,0,0,0,0,0,0,166,0,175,0,0,0,0,0,0,0,0,265,0,0,0,0,142,0,0,0,159,0,0,0,0,0,0,0,0,0,0,0,0,0,0,0,0,145,3147,0,0,0
2007,0,0,1,0,0,1,0,0,2,0,0,0,0,0,0,0,0,0,0,0,31,0,0,0,1,0,0,0,3,0,0,0,0,0,0,0,0,0,2,0,23,0,0,0,0,0,0,0,0,2,0,0,0,0,14,0,0,0,1,0,0,0,0,0,0,0,0,0,0,0,0,0,0,0,0,0,3,0,0,0
2007,0,0,1,0,1,0,0,0,4,0,0,0,0,0,0,0,0,0,0,0,38,0,0,0,4,0,0,0,8,0,0,1,0,0,0,0,0,0,11,0,18,0,0,0,0,0,0,0,0,2,0,0,0,0,6,0,0,0,3,0,0,0,0,0,0,0,0,0,0,0,0,0,0,0,0,3,90,0,0,0
2007,0,0,0,1,0,0,0,0,134,0,36,0,0,0,0,0,0,0,0,0,916,0,0,0,236,0,0,0,278,0,0,22,0,0,0,0,0,0,150,0,185,0,0,0,0,0,0,0,0,170,0,0,0,0,110,0,0,0,114,0,0,0,0,0,0,0,0,0,0,0,0,0,0,0,0,118,2487,0,0,0
2007,0,0,0,0,0,1,0,0,0,0,0,0,0,0,0,0,0,0,0,0,18,0,0,0,4,0,0,0,3,0,0,0,0,0,0,0,0,0,13,0,31,0,0,0,0,0,0,0,0,0,0,0,0,0,11,0,0,0,3,0,0,0,0,0,0,0,0,0,0,0,0,0,0,0,0,3,6,0,0,0
2007,0,0,0,0,1,0,0,0,1,0,1,0,0,0,0,0,0,0,0,0,27,0,0,0,5,0,0,0,3,0,0,0,0,0,0,0,0,0,4,0,16,0,0,0,0,0,0,0,0,2,0,0,0,0,5,0,0,0,6,0,0,0,0,0,0,0,0,0,0,0,0,0,0,0,0,2,50,0,0,0
2007,0,1,1,1,0,0,0,0,51,0,23,0,0,0,0,0,0,0,0,0,203,0,0,0,94,0,0,0,101,0,0,3,0,0,0,0,0,0,31,0,42,0,0,0,0,0,0,0,0,79,0,0,0,0,35,0,0,0,48,0,0,0,0,0,0,0,0,0,0,0,0,0,0,0,0,33,873,0,0,0
2007,0,1,1,0,0,1,0,0,0,0,0,0,0,0,0,0,0,0,0,0,11,0,0,0,0,0,0,0,1,0,0,0,0,0,0,0,0,0,0,0,7,0,0,0,0,0,0,0,0,2,0,0,0,0,6,0,0,0,1,0,0,0,0,0,0,0,0,0,0,0,0,0,0,0,0,0,1,0,0,0
2007,0,1,1,0,1,0,0,0,3,0,0,0,0,0,0,0,0,0,0,0,10,0,0,0,0,0,0,0,2,0,0,0,0,0,0,0,0,0,1,0,6,0,0,0,0,0,0,0,0,2,0,0,0,0,1,0,0,0,0,0,0,0,0,0,0,0,0,0,0,0,0,0,0,0,0,0,38,0,0,0
2007,0,1,0,1,0,0,0,0,40,0,8,0,0,0,0,0,0,0,0,0,212,0,0,0,66,0,0,0,67,0,0,6,0,0,0,0,0,0,29,0,46,0,0,0,0,0,0,0,0,51,0,0,0,0,32,0,0,0,26,0,0,0,0,0,0,0,0,0,0,0,0,0,0,0,0,27,688,0,0,0
2007,0,1,0,0,0,1,0,0,0,0,0,0,0,0,0,0,0,0,0,0,9,0,0,0,2,0,0,0,1,0,0,0,0,0,0,0,0,0,5,0,12,0,0,0,0,0,0,0,0,0,0,0,0,0,3,0,0,0,1,0,0,0,0,0,0,0,0,0,0,0,0,0,0,0,0,1,1,0,0,0
2007,0,1,0,0,1,0,0,0,1,0,0,0,0,0,0,0,0,0,0,0,9,0,0,0,1,0,0,0,0,0,0,0,0,0,0,0,0,0,1,0,3,0,0,0,0,0,0,0,0,0,0,0,0,0,2,0,0,0,4,0,0,0,0,0,0,0,0,0,0,0,0,0,0,0,0,1,16,0,0,0
2006,1,0,1,1,0,0,0,0,184,0,35,0,0,0,0,0,0,0,0,0,1209,0,0,0,162,0,0,0,142,0,0,40,0,0,0,0,0,0,31,0,124,0,0,0,0,0,0,0,0,867,0,0,0,0,258,0,0,0,211,0,0,0,0,0,0,0,0,0,0,0,0,0,0,0,0,591,1040,0,0,0
2006,1,0,1,0,0,1,0,0,0,0,0,0,0,0,0,0,0,0,0,0,22,0,0,0,1,0,0,0,0,0,0,1,0,0,0,0,0,0,0,0,4,0,0,0,0,0,0,0,0,9,0,0,0,0,16,0,0,0,2,0,0,0,0,0,0,0,0,0,0,0,0,0,0,0,0,1,1,0,0,0
2006,1,0,1,0,1,0,0,0,1,0,0,0,0,0,0,0,0,0,0,0,28,0,0,0,1,0,0,0,2,0,0,0,0,0,0,0,0,0,1,0,7,0,0,0,0,0,0,0,0,11,0,0,0,0,4,0,0,0,3,0,0,0,0,0,0,0,0,0,0,0,0,0,0,0,0,3,12,0,0,0
2006,1,0,0,1,0,0,0,0,108,0,12,0,0,0,0,0,0,0,0,0,982,0,0,0,110,0,0,0,85,0,0,32,0,0,0,0,0,0,29,0,120,0,0,0,0,0,0,0,0,564,0,0,0,0,168,0,0,0,135,0,0,0,0,0,0,0,0,0,0,0,0,0,0,0,0,456,722,0,0,0
2006,1,0,0,0,0,1,0,0,0,0,0,0,0,0,0,0,0,0,0,0,26,0,0,0,1,0,0,0,0,0,0,0,0,0,0,0,0,0,2,0,8,0,0,0,0,0,0,0,0,5,0,0,0,0,0,0,0,0,2,0,0,0,0,0,0,0,0,0,0,0,0,0,0,0,0,0,1,0,0,0
2006,1,0,0,0,1,0,0,0,0,0,0,0,0,0,0,0,0,0,0,0,21,0,0,0,1,0,0,0,0,0,0,0,0,0,0,0,0,0,2,0,3,0,0,0,0,0,0,0,0,15,0,0,0,0,0,0,0,0,0,0,0,0,0,0,0,0,0,0,0,0,0,0,0,0,0,0,6,0,0,0
2006,1,1,1,1,0,0,0,0,79,0,13,0,0,0,0,0,0,0,0,0,409,0,0,0,60,0,0,0,38,0,0,6,0,0,0,0,0,0,7,0,24,0,0,0,0,0,0,0,0,285,0,0,0,0,97,0,0,0,80,0,0,0,0,0,0,0,0,0,0,0,0,0,0,0,0,196,339,0,0,0
2006,1,1,1,0,0,1,0,0,0,0,0,0,0,0,0,0,0,0,0,0,13,0,0,0,0,0,0,0,0,0,0,0,0,0,0,0,0,0,0,0,1,0,0,0,0,0,0,0,0,1,0,0,0,0,3,0,0,0,2,0,0,0,0,0,0,0,0,0,0,0,0,0,0,0,0,1,1,0,0,0
2006,1,1,1,0,1,0,0,0,1,0,1,0,0,0,0,0,0,0,0,0,8,0,0,0,0,0,0,0,1,0,0,0,0,0,0,0,0,0,0,0,2,0,0,0,0,0,0,0,0,7,0,0,0,0,1,0,0,0,1,0,0,0,0,0,0,0,0,0,0,0,0,0,0,0,0,1,8,0,0,0
2006,1,1,0,1,0,0,0,0,42,0,2,0,0,0,0,0,0,0,0,0,326,0,0,0,42,0,0,0,21,0,0,9,0,0,0,0,0,0,13,0,39,0,0,0,0,0,0,0,0,201,0,0,0,0,70,0,0,0,41,0,0,0,0,0,0,0,0,0,0,0,0,0,0,0,0,151,227,0,0,0
2006,1,1,0,0,0,1,0,0,0,0,0,0,0,0,0,0,0,0,0,0,13,0,0,0,1,0,0,0,0,0,0,0,0,0,0,0,0,0,0,0,3,0,0,0,0,0,0,0,0,2,0,0,0,0,0,0,0,0,0,0,0,0,0,0,0,0,0,0,0,0,0,0,0,0,0,0,1,0,0,0
2006,1,1,0,0,1,0,0,0,0,0,0,0,0,0,0,0,0,0,0,0,9,0,0,0,1,0,0,0,1,0,0,0,0,0,0,0,0,0,2,0,1,0,0,0,0,0,0,0,0,7,0,0,0,0,0,0,0,0,0,0,0,0,0,0,0,0,0,0,0,0,0,0,0,0,0,1,3,0,0,0
2006,0,0,1,1,0,0,0,0,171,0,37,0,0,0,0,0,0,0,0,0,844,0,0,0,291,0,0,0,382,0,0,49,0,0,0,0,0,0,188,0,176,0,0,0,0,0,0,0,0,251,0,0,0,0,132,0,0,0,159,0,0,0,0,0,0,0,0,0,0,0,0,0,0,0,0,155,3269,0,0,0
2006,0,0,1,0,0,1,0,0,2,0,0,0,0,0,0,0,0,0,0,0,29,0,0,0,1,0,0,0,3,0,0,0,0,0,0,0,0,0,6,0,20,0,0,0,0,0,0,0,0,1,0,0,0,0,15,0,0,0,1,0,0,0,0,0,0,0,0,0,0,0,0,0,0,0,0,0,3,0,0,0
2006,0,0,1,0,1,0,0,0,2,0,0,0,0,0,0,0,0,0,0,0,39,0,0,0,6,0,0,0,13,0,0,3,0,0,0,0,0,0,14,0,17,0,0,0,0,0,0,0,0,3,0,0,0,0,6,0,0,0,3,0,0,0,0,0,0,0,0,0,0,0,0,0,0,0,0,4,77,0,0,0
2006,0,0,0,1,0,0,0,0,126,0,35,0,0,0,0,0,0,0,0,0,966,0,0,0,250,0,0,0,301,0,0,41,0,0,0,0,0,0,153,0,163,0,0,0,0,0,0,0,0,182,0,0,0,0,109,0,0,0,113,0,0,0,0,0,0,0,0,0,0,0,0,0,0,0,0,136,2656,0,0,0
2006,0,0,0,0,0,1,0,0,1,0,0,0,0,0,0,0,0,0,0,0,18,0,0,0,4,0,0,0,3,0,0,0,0,0,0,0,0,0,10,0,27,0,0,0,0,0,0,0,0,1,0,0,0,0,9,0,0,0,2,0,0,0,0,0,0,0,0,0,0,0,0,0,0,0,0,4,6,0,0,0
2006,0,0,0,0,1,0,0,0,1,0,1,0,0,0,0,0,0,0,0,0,31,0,0,0,3,0,0,0,4,0,0,2,0,0,0,0,0,0,8,0,20,0,0,0,0,0,0,0,0,2,0,0,0,0,4,0,0,0,3,0,0,0,0,0,0,0,0,0,0,0,0,0,0,0,0,3,47,0,0,0
2006,0,1,1,1,0,0,0,0,61,0,7,0,0,0,0,0,0,0,0,0,232,0,0,0,97,0,0,0,112,0,0,9,0,0,0,0,0,0,52,0,53,0,0,0,0,0,0,0,0,93,0,0,0,0,43,0,0,0,55,0,0,0,0,0,0,0,0,0,0,0,0,0,0,0,0,42,997,0,0,0
2006,0,1,1,0,0,1,0,0,1,0,0,0,0,0,0,0,0,0,0,0,12,0,0,0,1,0,0,0,0,0,0,0,0,0,0,0,0,0,3,0,11,0,0,0,0,0,0,0,0,0,0,0,0,0,5,0,0,0,1,0,0,0,0,0,0,0,0,0,0,0,0,0,0,0,0,0,1,0,0,0
2006,0,1,1,0,1,0,0,0,0,0,0,0,0,0,0,0,0,0,0,0,15,0,0,0,1,0,0,0,2,0,0,0,0,0,0,0,0,0,3,0,7,0,0,0,0,0,0,0,0,1,0,0,0,0,2,0,0,0,2,0,0,0,0,0,0,0,0,0,0,0,0,0,0,0,0,2,36,0,0,0
2006,0,1,0,1,0,0,0,0,36,0,11,0,0,0,0,0,0,0,0,0,232,0,0,0,78,0,0,0,92,0,0,3,0,0,0,0,0,0,47,0,52,0,0,0,0,0,0,0,0,58,0,0,0,0,30,0,0,0,38,0,0,0,0,0,0,0,0,0,0,0,0,0,0,0,0,43,724,0,0,0
2006,0,1,0,0,0,1,0,0,0,0,0,0,0,0,0,0,0,0,0,0,7,0,0,0,1,0,0,0,0,0,0,0,0,0,0,0,0,0,5,0,18,0,0,0,0,0,0,0,0,2,0,0,0,0,2,0,0,0,0,0,0,0,0,0,0,0,0,0,0,0,0,0,0,0,0,3,4,0,0,0
2006,0,1,0,0,1,0,0,0,1,0,0,0,0,0,0,0,0,0,0,0,8,0,0,0,1,0,0,0,1,0,0,1,0,0,0,0,0,0,1,0,7,0,0,0,0,0,0,0,0,0,0,0,0,0,3,0,0,0,1,0,0,0,0,0,0,0,0,0,0,0,0,0,0,0,0,1,23,0,0,0
2005,1,0,1,1,0,0,0,0,156,0,35,0,0,0,0,0,0,0,0,0,1117,0,0,0,134,0,0,0,146,0,0,65,0,0,0,0,0,0,34,0,127,0,0,0,0,0,0,0,0,790,0,0,0,0,233,0,0,0,190,0,0,0,0,0,0,0,0,0,0,0,0,0,0,0,0,560,1097,0,0,0
2005,1,0,1,0,0,1,0,0,0,0,0,0,0,0,0,0,0,0,0,0,16,0,0,0,1,0,0,0,0,0,0,1,0,0,0,0,0,0,2,0,2,0,0,0,0,0,0,0,0,10,0,0,0,0,16,0,0,0,1,0,0,0,0,0,0,0,0,0,0,0,0,0,0,0,0,1,0,0,0,0
2005,1,0,1,0,1,0,0,0,0,0,0,0,0,0,0,0,0,0,0,0,26,0,0,0,1,0,0,0,1,0,0,0,0,0,0,0,0,0,1,0,4,0,0,0,0,0,0,0,0,8,0,0,0,0,3,0,0,0,2,0,0,0,0,0,0,0,0,0,0,0,0,0,0,0,0,3,6,0,0,0
2005,1,0,0,1,0,0,0,0,108,0,20,0,0,0,0,0,0,0,0,0,866,0,0,0,90,0,0,0,96,0,0,38,0,0,0,0,0,0,25,0,95,0,0,0,0,0,0,0,0,496,0,0,0,0,153,0,0,0,132,0,0,0,0,0,0,0,0,0,0,0,0,0,0,0,0,416,728,0,0,0
2005,1,0,0,0,0,1,0,0,0,0,0,0,0,0,0,0,0,0,0,0,24,0,0,0,0,0,0,0,0,0,0,0,0,0,0,0,0,0,5,0,5,0,0,0,0,0,0,0,0,2,0,0,0,0,1,0,0,0,3,0,0,0,0,0,0,0,0,0,0,0,0,0,0,0,0,1,0,0,0,0
2005,1,0,0,0,1,0,0,0,0,0,0,0,0,0,0,0,0,0,0,0,12,0,0,0,1,0,0,0,0,0,0,0,0,0,0,0,0,0,0,0,2,0,0,0,0,0,0,0,0,8,0,0,0,0,0,0,0,0,0,0,0,0,0,0,0,0,0,0,0,0,0,0,0,0,0,1,7,0,0,0
2005,1,1,1,1,0,0,0,0,51,0,15,0,0,0,0,0,0,0,0,0,312,0,0,0,32,0,0,0,42,0,0,16,0,0,0,0,0,0,7,0,31,0,0,0,0,0,0,0,0,239,0,0,0,0,80,0,0,0,58,0,0,0,0,0,0,0,0,0,0,0,0,0,0,0,0,163,307,0,0,0
2005,1,1,1,0,0,1,0,0,0,0,0,0,0,0,0,0,0,0,0,0,4,0,0,0,1,0,0,0,0,0,0,1,0,0,0,0,0,0,0,0,1,0,0,0,0,0,0,0,0,2,0,0,0,0,4,0,0,0,2,0,0,0,0,0,0,0,0,0,0,0,0,0,0,0,0,0,0,0,0,0
2005,1,1,1,0,1,0,0,0,1,0,0,0,0,0,0,0,0,0,0,0,13,0,0,0,1,0,0,0,1,0,0,0,0,0,0,0,0,0,0,0,1,0,0,0,0,0,0,0,0,3,0,0,0,0,2,0,0,0,1,0,0,0,0,0,0,0,0,0,0,0,0,0,0,0,0,6,2,0,0,0
2005,1,1,0,1,0,0,0,0,27,0,0,0,0,0,0,0,0,0,0,0,259,0,0,0,24,0,0,0,29,0,0,5,0,0,0,0,0,0,4,0,29,0,0,0,0,0,0,0,0,142,0,0,0,0,47,0,0,0,39,0,0,0,0,0,0,0,0,0,0,0,0,0,0,0,0,103,209,0,0,0
2005,1,1,0,0,0,1,0,0,0,0,0,0,0,0,0,0,0,0,0,0,11,0,0,0,0,0,0,0,0,0,0,0,0,0,0,0,0,0,1,0,2,0,0,0,0,0,0,0,0,2,0,0,0,0,0,0,0,0,1,0,0,0,0,0,0,0,0,0,0,0,0,0,0,0,0,0,0,0,0,0
2005,1,1,0,0,1,0,0,0,0,0,0,0,0,0,0,0,0,0,0,0,7,0,0,0,0,0,0,0,0,0,0,0,0,0,0,0,0,0,0,0,2,0,0,0,0,0,0,0,0,2,0,0,0,0,0,0,0,0,0,0,0,0,0,0,0,0,0,0,0,0,0,0,0,0,0,1,4,0,0,0
2005,0,0,1,1,0,0,0,0,150,0,43,0,0,0,0,0,0,0,0,0,828,0,0,0,273,0,0,0,405,0,0,56,0,0,0,0,0,0,179,0,172,0,0,0,0,0,0,0,0,243,0,0,0,0,103,0,0,0,147,0,0,0,0,0,0,0,0,0,0,0,0,0,0,0,0,145,3289,0,0,0
2005,0,0,1,0,0,1,0,0,1,0,0,0,0,0,0,0,0,0,0,0,24,0,0,0,0,0,0,0,4,0,0,0,0,0,0,0,0,0,12,0,13,0,0,0,0,0,0,0,0,2,0,0,0,0,14,0,0,0,0,0,0,0,0,0,0,0,0,0,0,0,0,0,0,0,0,1,1,0,0,0
2005,0,0,1,0,1,0,0,0,3,0,1,0,0,0,0,0,0,0,0,0,34,0,0,0,6,0,0,0,11,0,0,3,0,0,0,0,0,0,12,0,16,0,0,0,0,0,0,0,0,4,0,0,0,0,8,0,0,0,1,0,0,0,0,0,0,0,0,0,0,0,0,0,0,0,0,2,74,0,0,0
2005,0,0,0,1,0,0,0,0,117,0,30,0,0,0,0,0,0,0,0,0,971,0,0,0,227,0,0,0,307,0,0,51,0,0,0,0,0,0,142,0,182,0,0,0,0,0,0,0,0,185,0,0,0,0,93,0,0,0,104,0,0,0,0,0,0,0,0,0,0,0,0,0,0,0,0,124,2671,0,0,0
2005,0,0,0,0,0,1,0,0,1,0,0,0,0,0,0,0,0,0,0,0,17,0,0,0,6,0,0,0,3,0,0,0,0,0,0,0,0,0,10,0,12,0,0,0,0,0,0,0,0,0,0,0,0,0,9,0,0,0,4,0,0,0,0,0,0,0,0,0,0,0,0,0,0,0,0,3,3,0,0,0
2005,0,0,0,0,1,0,0,0,3,0,1,0,0,0,0,0,0,0,0,0,29,0,0,0,5,0,0,0,5,0,0,1,0,0,0,0,0,0,8,0,14,0,0,0,0,0,0,0,0,3,0,0,0,0,3,0,0,0,4,0,0,0,0,0,0,0,0,0,0,0,0,0,0,0,0,2,57,0,0,0
2005,0,1,1,1,0,0,0,0,33,0,4,0,0,0,0,0,0,0,0,0,199,0,0,0,68,0,0,0,97,0,0,5,0,0,0,0,0,0,54,0,52,0,0,0,0,0,0,0,0,69,0,0,0,0,35,0,0,0,39,0,0,0,0,0,0,0,0,0,0,0,0,0,0,0,0,40,850,0,0,0
2005,0,1,1,0,0,1,0,0,1,0,0,0,0,0,0,0,0,0,0,0,12,0,0,0,0,0,0,0,1,0,0,0,0,0,0,0,0,0,3,0,8,0,0,0,0,0,0,0,0,1,0,0,0,0,4,0,0,0,0,0,0,0,0,0,0,0,0,0,0,0,0,0,0,0,0,0,0,0,0,0
2005,0,1,1,0,1,0,0,0,2,0,1,0,0,0,0,0,0,0,0,0,10,0,0,0,4,0,0,0,4,0,0,0,0,0,0,0,0,0,4,0,8,0,0,0,0,0,0,0,0,2,0,0,0,0,3,0,0,0,1,0,0,0,0,0,0,0,0,0,0,0,0,0,0,0,0,1,20,0,0,0
2005,0,1,0,1,0,0,0,0,32,0,8,0,0,0,0,0,0,0,0,0,263,0,0,0,58,0,0,0,68,0,0,4,0,0,0,0,0,0,36,0,47,0,0,0,0,0,0,0,0,45,0,0,0,0,27,0,0,0,33,0,0,0,0,0,0,0,0,0,0,0,0,0,0,0,0,34,645,0,0,0
2005,0,1,0,0,0,1,0,0,0,0,0,0,0,0,0,0,0,0,0,0,8,0,0,0,3,0,0,0,2,0,0,0,0,0,0,0,0,0,4,0,6,0,0,0,0,0,0,0,0,0,0,0,0,0,4,0,0,0,1,0,0,0,0,0,0,0,0,0,0,0,0,0,0,0,0,0,1,0,0,0
2005,0,1,0,0,1,0,0,0,0,0,0,0,0,0,0,0,0,0,0,0,13,0,0,0,3,0,0,0,0,0,0,0,0,0,0,0,0,0,3,0,6,0,0,0,0,0,0,0,0,1,0,0,0,0,2,0,0,0,1,0,0,0,0,0,0,0,0,0,0,0,0,0,0,0,0,0,17,0,0,0
2004,1,0,1,1,0,0,0,0,155,0,35,0,0,0,0,0,0,0,0,0,1104,0,0,0,124,0,0,0,146,0,0,58,0,0,0,0,0,0,38,0,131,0,0,0,0,0,0,0,0,775,0,0,0,0,226,0,0,0,195,0,0,0,0,0,0,0,0,0,0,0,0,0,0,0,0,527,1140,0,0,0
2004,1,0,1,0,0,1,0,0,1,0,0,0,0,0,0,0,0,0,0,0,32,0,0,0,0,0,0,0,0,0,0,0,0,0,0,0,0,0,7,0,2,0,0,0,0,0,0,0,0,8,0,0,0,0,15,0,0,0,0,0,0,0,0,0,0,0,0,0,0,0,0,0,0,0,0,1,0,0,0,0
2004,1,0,1,0,1,0,0,0,0,0,0,0,0,0,0,0,0,0,0,0,16,0,0,0,1,0,0,0,0,0,0,0,0,0,0,0,0,0,1,0,4,0,0,0,0,0,0,0,0,6,0,0,0,0,4,0,0,0,1,0,0,0,0,0,0,0,0,0,0,0,0,0,0,0,0,0,10,0,0,0
2004,1,0,0,1,0,0,0,0,104,0,30,0,0,0,0,0,0,0,0,0,789,0,0,0,88,0,0,0,86,0,0,44,0,0,0,0,0,0,29,0,89,0,0,0,0,0,0,0,0,458,0,0,0,0,150,0,0,0,120,0,0,0,0,0,0,0,0,0,0,0,0,0,0,0,0,417,793,0,0,0
2004,1,0,0,0,0,1,0,0,0,0,0,0,0,0,0,0,0,0,0,0,28,0,0,0,0,0,0,0,0,0,0,0,0,0,0,0,0,0,5,0,4,0,0,0,0,0,0,0,0,2,0,0,0,0,1,0,0,0,2,0,0,0,0,0,0,0,0,0,0,0,0,0,0,0,0,1,0,0,0,0
2004,1,0,0,0,1,0,0,0,0,0,0,0,0,0,0,0,0,0,0,0,12,0,0,0,1,0,0,0,1,0,0,0,0,0,0,0,0,0,0,0,0,0,0,0,0,0,0,0,0,7,0,0,0,0,0,0,0,0,0,0,0,0,0,0,0,0,0,0,0,0,0,0,0,0,0,1,7,0,0,0
2004,1,1,1,1,0,0,0,0,43,0,14,0,0,0,0,0,0,0,0,0,315,0,0,0,52,0,0,0,39,0,0,8,0,0,0,0,0,0,7,0,33,0,0,0,0,0,0,0,0,255,0,0,0,0,74,0,0,0,56,0,0,0,0,0,0,0,0,0,0,0,0,0,0,0,0,130,332,0,0,0
2004,1,1,1,0,0,1,0,0,0,0,0,0,0,0,0,0,0,0,0,0,10,0,0,0,0,0,0,0,0,0,0,0,0,0,0,0,0,0,1,0,0,0,0,0,0,0,0,0,0,2,0,0,0,0,8,0,0,0,0,0,0,0,0,0,0,0,0,0,0,0,0,0,0,0,0,1,0,0,0,0
2004,1,1,1,0,1,0,0,0,0,0,0,0,0,0,0,0,0,0,0,0,5,0,0,0,0,0,0,0,0,0,0,0,0,0,0,0,0,0,0,0,3,0,0,0,0,0,0,0,0,0,0,0,0,0,0,0,0,0,2,0,0,0,0,0,0,0,0,0,0,0,0,0,0,0,0,1,3,0,0,0
2004,1,1,0,1,0,0,0,0,28,0,7,0,0,0,0,0,0,0,0,0,242,0,0,0,28,0,0,0,25,0,0,10,0,0,0,0,0,0,7,0,27,0,0,0,0,0,0,0,0,136,0,0,0,0,47,0,0,0,44,0,0,0,0,0,0,0,0,0,0,0,0,0,0,0,0,129,214,0,0,0
2004,1,1,0,0,0,1,0,0,0,0,0,0,0,0,0,0,0,0,0,0,11,0,0,0,0,0,0,0,0,0,0,0,0,0,0,0,0,0,4,0,1,0,0,0,0,0,0,0,0,0,0,0,0,0,1,0,0,0,0,0,0,0,0,0,0,0,0,0,0,0,0,0,0,0,0,1,0,0,0,0
2004,1,1,0,0,1,0,0,0,0,0,0,0,0,0,0,0,0,0,0,0,2,0,0,0,0,0,0,0,1,0,0,0,0,0,0,0,0,0,0,0,0,0,0,0,0,0,0,0,0,0,0,0,0,0,1,0,0,0,0,0,0,0,0,0,0,0,0,0,0,0,0,0,0,0,0,0,1,0,0,0
2004,0,0,1,1,0,0,0,0,157,0,51,0,0,0,0,0,0,0,0,0,846,0,0,0,268,0,0,0,428,0,0,68,0,0,0,0,0,0,171,0,162,0,0,0,0,0,0,0,0,248,0,0,0,0,85,0,0,0,142,0,0,0,0,0,0,0,0,0,0,0,0,0,0,0,0,128,3370,0,0,0
2004,0,0,1,0,0,1,0,0,1,0,0,0,0,0,0,0,0,0,0,0,27,0,0,0,2,0,0,0,3,0,0,0,0,0,0,0,0,0,15,0,9,0,0,0,0,0,0,0,0,1,0,0,0,0,13,0,0,0,0,0,0,0,0,0,0,0,0,0,0,0,0,0,0,0,0,1,3,0,0,0
2004,0,0,1,0,1,0,0,0,1,0,0,0,0,0,0,0,0,0,0,0,39,0,0,0,2,0,0,0,9,0,0,4,0,0,0,0,0,0,15,0,11,0,0,0,0,0,0,0,0,2,0,0,0,0,9,0,0,0,1,0,0,0,0,0,0,0,0,0,0,0,0,0,0,0,0,1,84,0,0,0
2004,0,0,0,1,0,0,0,0,103,0,35,0,0,0,0,0,0,0,0,0,902,0,0,0,215,0,0,0,314,0,0,64,0,0,0,0,0,0,138,0,173,0,0,0,0,0,0,0,0,185,0,0,0,0,87,0,0,0,108,0,0,0,0,0,0,0,0,0,0,0,0,0,0,0,0,113,2768,0,0,0
2004,0,0,0,0,0,1,0,0,2,0,0,0,0,0,0,0,0,0,0,0,18,0,0,0,8,0,0,0,1,0,0,0,0,0,0,0,0,0,7,0,14,0,0,0,0,0,0,0,0,0,0,0,0,0,5,0,0,0,5,0,0,0,0,0,0,0,0,0,0,0,0,0,0,0,0,3,3,0,0,0
2004,0,0,0,0,1,0,0,0,3,0,2,0,0,0,0,0,0,0,0,0,29,0,0,0,3,0,0,0,4,0,0,1,0,0,0,0,0,0,7,0,11,0,0,0,0,0,0,0,0,3,0,0,0,0,3,0,0,0,3,0,0,0,0,0,0,0,0,0,0,0,0,0,0,0,0,3,61,0,0,0
2004,0,1,1,1,0,0,0,0,52,0,12,0,0,0,0,0,0,0,0,0,221,0,0,0,76,0,0,0,96,0,0,7,0,0,0,0,0,0,42,0,39,0,0,0,0,0,0,0,0,58,0,0,0,0,33,0,0,0,39,0,0,0,0,0,0,0,0,0,0,0,0,0,0,0,0,35,829,0,0,0
2004,0,1,1,0,0,1,0,0,0,0,0,0,0,0,0,0,0,0,0,0,10,0,0,0,0,0,0,0,1,0,0,0,0,0,0,0,0,0,7,0,2,0,0,0,0,0,0,0,0,0,0,0,0,0,5,0,0,0,0,0,0,0,0,0,0,0,0,0,0,0,0,0,0,0,0,1,1,0,0,0
2004,0,1,1,0,1,0,0,0,1,0,0,0,0,0,0,0,0,0,0,0,8,0,0,0,1,0,0,0,1,0,0,0,0,0,0,0,0,0,4,0,2,0,0,0,0,0,0,0,0,0,0,0,0,0,2,0,0,0,1,0,0,0,0,0,0,0,0,0,0,0,0,0,0,0,0,0,22,0,0,0
2004,0,1,0,1,0,0,0,0,28,0,15,0,0,0,0,0,0,0,0,0,253,0,0,0,55,0,0,0,72,0,0,6,0,0,0,0,0,0,39,0,49,0,0,0,0,0,0,0,0,40,0,0,0,0,24,0,0,0,32,0,0,0,0,0,0,0,0,0,0,0,0,0,0,0,0,29,652,0,0,0
2004,0,1,0,0,0,1,0,0,1,0,0,0,0,0,0,0,0,0,0,0,5,0,0,0,2,0,0,0,1,0,0,0,0,0,0,0,0,0,3,0,7,0,0,0,0,0,0,0,0,0,0,0,0,0,1,0,0,0,1,0,0,0,0,0,0,0,0,0,0,0,0,0,0,0,0,2,3,0,0,0
2004,0,1,0,0,1,0,0,0,0,0,1,0,0,0,0,0,0,0,0,0,5,0,0,0,1,0,0,0,3,0,0,0,0,0,0,0,0,0,1,0,1,0,0,0,0,0,0,0,0,2,0,0,0,0,0,0,0,0,1,0,0,0,0,0,0,0,0,0,0,0,0,0,0,0,0,1,7,0,0,0
2003,1,0,1,1,0,0,0,0,159,0,37,0,0,0,0,0,0,0,0,0,997,0,0,0,101,0,0,0,138,0,0,79,0,0,0,0,0,0,48,0,130,0,0,0,0,0,0,0,0,722,0,0,0,0,202,0,0,0,183,0,0,0,0,0,0,0,0,0,0,0,0,0,0,0,0,514,1234,0,0,0
2003,1,0,1,0,0,1,0,0,1,0,0,0,0,0,0,0,0,0,0,0,40,0,0,0,0,0,0,0,0,0,0,0,0,0,0,0,0,0,11,0,2,0,0,0,0,0,0,0,0,5,0,0,0,0,10,0,0,0,0,0,0,0,0,0,0,0,0,0,0,0,0,0,0,0,0,0,1,0,0,0
2003,1,0,1,0,1,0,0,0,0,0,0,0,0,0,0,0,0,0,0,0,20,0,0,0,1,0,0,0,0,0,0,0,0,0,0,0,0,0,2,0,2,0,0,0,0,0,0,0,0,9,0,0,0,0,10,0,0,0,2,0,0,0,0,0,0,0,0,0,0,0,0,0,0,0,0,4,21,0,0,0
2003,1,0,0,1,0,0,0,0,103,0,25,0,0,0,0,0,0,0,0,0,736,0,0,0,80,0,0,0,88,0,0,50,0,0,0,0,0,0,31,0,87,0,0,0,0,0,0,0,0,460,0,0,0,0,129,0,0,0,109,0,0,0,0,0,0,0,0,0,0,0,0,0,0,0,0,363,841,0,0,0
2003,1,0,0,0,0,1,0,0,0,0,0,0,0,0,0,0,0,0,0,0,30,0,0,0,0,0,0,0,0,0,0,0,0,0,0,0,0,0,3,0,6,0,0,0,0,0,0,0,0,2,0,0,0,0,1,0,0,0,2,0,0,0,0,0,0,0,0,0,0,0,0,0,0,0,0,1,3,0,0,0
2003,1,0,0,0,1,0,0,0,2,0,0,0,0,0,0,0,0,0,0,0,15,0,0,0,1,0,0,0,0,0,0,0,0,0,0,0,0,0,0,0,1,0,0,0,0,0,0,0,0,10,0,0,0,0,2,0,0,0,1,0,0,0,0,0,0,0,0,0,0,0,0,0,0,0,0,4,12,0,0,0
2003,1,1,1,1,0,0,0,0,44,0,6,0,0,0,0,0,0,0,0,0,296,0,0,0,41,0,0,0,49,0,0,22,0,0,0,0,0,0,18,0,37,0,0,0,0,0,0,0,0,241,0,0,0,0,59,0,0,0,55,0,0,0,0,0,0,0,0,0,0,0,0,0,0,0,0,159,380,0,0,0
2003,1,1,1,0,0,1,0,0,1,0,0,0,0,0,0,0,0,0,0,0,17,0,0,0,0,0,0,0,0,0,0,0,0,0,0,0,0,0,6,0,1,0,0,0,0,0,0,0,0,2,0,0,0,0,4,0,0,0,0,0,0,0,0,0,0,0,0,0,0,0,0,0,0,0,0,0,1,0,0,0
2003,1,1,1,0,1,0,0,0,1,0,0,0,0,0,0,0,0,0,0,0,8,0,0,0,0,0,0,0,0,0,0,0,0,0,0,0,0,0,0,0,2,0,0,0,0,0,0,0,0,3,0,0,0,0,4,0,0,0,0,0,0,0,0,0,0,0,0,0,0,0,0,0,0,0,0,1,7,0,0,0
2003,1,1,0,1,0,0,0,0,34,0,5,0,0,0,0,0,0,0,0,0,203,0,0,0,23,0,0,0,26,0,0,13,0,0,0,0,0,0,8,0,33,0,0,0,0,0,0,0,0,162,0,0,0,0,29,0,0,0,40,0,0,0,0,0,0,0,0,0,0,0,0,0,0,0,0,117,238,0,0,0
2003,1,1,0,0,0,1,0,0,0,0,0,0,0,0,0,0,0,0,0,0,10,0,0,0,0,0,0,0,0,0,0,0,0,0,0,0,0,0,1,0,4,0,0,0,0,0,0,0,0,0,0,0,0,0,0,0,0,0,1,0,0,0,0,0,0,0,0,0,0,0,0,0,0,0,0,0,2,0,0,0
2003,1,1,0,0,1,0,0,0,0,0,0,0,0,0,0,0,0,0,0,0,5,0,0,0,1,0,0,0,0,0,0,0,0,0,0,0,0,0,0,0,0,0,0,0,0,0,0,0,0,8,0,0,0,0,0,0,0,0,1,0,0,0,0,0,0,0,0,0,0,0,0,0,0,0,0,2,5,0,0,0
2003,0,0,1,1,0,0,0,0,141,0,55,0,0,0,0,0,0,0,0,0,810,0,0,0,253,0,0,0,445,0,0,80,0,0,0,0,0,0,171,0,171,0,0,0,0,0,0,0,0,251,0,0,0,0,75,0,0,0,151,0,0,0,0,0,0,0,0,0,0,0,0,0,0,0,0,132,3517,0,0,0
2003,0,0,1,0,0,1,0,0,2,0,0,0,0,0,0,0,0,0,0,0,28,0,0,0,3,0,0,0,3,0,0,0,0,0,0,0,0,0,15,0,12,0,0,0,0,0,0,0,0,1,0,0,0,0,10,0,0,0,0,0,0,0,0,0,0,0,0,0,0,0,0,0,0,0,0,0,5,0,0,0
2003,0,0,1,0,1,0,0,0,2,0,0,0,0,0,0,0,0,0,0,0,41,0,0,0,5,0,0,0,10,0,0,3,0,0,0,0,0,0,15,0,11,0,0,0,0,0,0,0,0,3,0,0,0,0,7,0,0,0,1,0,0,0,0,0,0,0,0,0,0,0,0,0,0,0,0,3,118,0,0,0
2003,0,0,0,1,0,0,0,0,100,0,23,0,0,0,0,0,0,0,0,0,817,0,0,0,207,0,0,0,306,0,0,69,0,0,0,0,0,0,142,0,155,0,0,0,0,0,0,0,0,185,0,0,0,0,83,0,0,0,107,0,0,0,0,0,0,0,0,0,0,0,0,0,0,0,0,105,2964,0,0,0
2003,0,0,0,0,0,1,0,0,2,0,0,0,0,0,0,0,0,0,0,0,20,0,0,0,11,0,0,0,0,0,0,0,0,0,0,0,0,0,7,0,10,0,0,0,0,0,0,0,0,0,0,0,0,0,5,0,0,0,4,0,0,0,0,0,0,0,0,0,0,0,0,0,0,0,0,1,4,0,0,0
2003,0,0,0,0,1,0,0,0,3,0,1,0,0,0,0,0,0,0,0,0,37,0,0,0,6,0,0,0,3,0,0,3,0,0,0,0,0,0,10,0,11,0,0,0,0,0,0,0,0,2,0,0,0,0,3,0,0,0,2,0,0,0,0,0,0,0,0,0,0,0,0,0,0,0,0,2,91,0,0,0
2003,0,1,1,1,0,0,0,0,40,0,14,0,0,0,0,0,0,0,0,0,240,0,0,0,67,0,0,0,106,0,0,24,0,0,0,0,0,0,50,0,36,0,0,0,0,0,0,0,0,79,0,0,0,0,21,0,0,0,57,0,0,0,0,0,0,0,0,0,0,0,0,0,0,0,0,47,979,0,0,0
2003,0,1,1,0,0,1,0,0,1,0,0,0,0,0,0,0,0,0,0,0,15,0,0,0,1,0,0,0,1,0,0,0,0,0,0,0,0,0,5,0,2,0,0,0,0,0,0,0,0,1,0,0,0,0,6,0,0,0,0,0,0,0,0,0,0,0,0,0,0,0,0,0,0,0,0,0,3,0,0,0
2003,0,1,1,0,1,0,0,0,0,0,0,0,0,0,0,0,0,0,0,0,10,0,0,0,2,0,0,0,3,0,0,2,0,0,0,0,0,0,1,0,6,0,0,0,0,0,0,0,0,1,0,0,0,0,2,0,0,0,0,0,0,0,0,0,0,0,0,0,0,0,0,0,0,0,0,1,23,0,0,0
2003,0,1,0,1,0,0,0,0,35,0,7,0,0,0,0,0,0,0,0,0,247,0,0,0,71,0,0,0,78,0,0,27,0,0,0,0,0,0,34,0,42,0,0,0,0,0,0,0,0,58,0,0,0,0,32,0,0,0,26,0,0,0,0,0,0,0,0,0,0,0,0,0,0,0,0,33,843,0,0,0
2003,0,1,0,0,0,1,0,0,0,0,0,0,0,0,0,0,0,0,0,0,11,0,0,0,2,0,0,0,0,0,0,0,0,0,0,0,0,0,3,0,5,0,0,0,0,0,0,0,0,0,0,0,0,0,2,0,0,0,2,0,0,0,0,0,0,0,0,0,0,0,0,0,0,0,0,1,0,0,0,0
2003,0,1,0,0,1,0,0,0,0,0,0,0,0,0,0,0,0,0,0,0,11,0,0,0,2,0,0,0,0,0,0,0,0,0,0,0,0,0,2,0,3,0,0,0,0,0,0,0,0,0,0,0,0,0,2,0,0,0,0,0,0,0,0,0,0,0,0,0,0,0,0,0,0,0,0,1,15,0,0,0
2002,1,0,1,1,0,0,0,0,153,0,44,0,0,0,0,0,0,0,0,0,885,0,0,0,87,0,0,0,108,0,0,70,0,0,0,0,0,0,36,0,112,0,0,0,0,0,0,0,0,597,0,0,0,0,172,0,0,0,168,0,0,0,0,0,0,0,0,0,0,0,0,0,0,0,0,446,1180,0,0,0
2002,1,0,1,0,0,1,0,0,0,0,0,0,0,0,0,0,0,0,0,0,32,0,0,0,0,0,0,0,0,0,0,0,0,0,0,0,0,0,7,0,1,0,0,0,0,0,0,0,0,2,0,0,0,0,7,0,0,0,0,0,0,0,0,0,0,0,0,0,0,0,0,0,0,0,0,0,0,0,0,0
2002,1,0,1,0,1,0,0,0,0,0,0,0,0,0,0,0,0,0,0,0,19,0,0,0,1,0,0,0,3,0,0,0,0,0,0,0,0,0,2,0,0,0,0,0,0,0,0,0,0,4,0,0,0,0,9,0,0,0,2,0,0,0,0,0,0,0,0,0,0,0,0,0,0,0,0,7,23,0,0,0
2002,1,0,0,1,0,0,0,0,83,0,26,0,0,0,0,0,0,0,0,0,644,0,0,0,77,0,0,0,76,0,0,46,0,0,0,0,0,0,31,0,70,0,0,0,0,0,0,0,0,364,0,0,0,0,130,0,0,0,85,0,0,0,0,0,0,0,0,0,0,0,0,0,0,0,0,314,799,0,0,0
2002,1,0,0,0,0,1,0,0,0,0,0,0,0,0,0,0,0,0,0,0,28,0,0,0,1,0,0,0,0,0,0,0,0,0,0,0,0,0,8,0,2,0,0,0,0,0,0,0,0,2,0,0,0,0,2,0,0,0,2,0,0,0,0,0,0,0,0,0,0,0,0,0,0,0,0,1,5,0,0,0
2002,1,0,0,0,1,0,0,0,2,0,0,0,0,0,0,0,0,0,0,0,11,0,0,0,1,0,0,0,0,0,0,0,0,0,0,0,0,0,0,0,1,0,0,0,0,0,0,0,0,6,0,0,0,0,3,0,0,0,1,0,0,0,0,0,0,0,0,0,0,0,0,0,0,0,0,6,10,0,0,0
2002,1,1,1,1,0,0,0,0,48,0,15,0,0,0,0,0,0,0,0,0,287,0,0,0,22,0,0,0,45,0,0,23,0,0,0,0,0,0,12,0,44,0,0,0,0,0,0,0,0,174,0,0,0,0,45,0,0,0,68,0,0,0,0,0,0,0,0,0,0,0,0,0,0,0,0,150,408,0,0,0
2002,1,1,1,0,0,1,0,0,0,0,0,0,0,0,0,0,0,0,0,0,25,0,0,0,0,0,0,0,0,0,0,0,0,0,0,0,0,0,5,0,0,0,0,0,0,0,0,0,0,2,0,0,0,0,5,0,0,0,0,0,0,0,0,0,0,0,0,0,0,0,0,0,0,0,0,0,0,0,0,0
2002,1,1,1,0,1,0,0,0,0,0,0,0,0,0,0,0,0,0,0,0,7,0,0,0,0,0,0,0,3,0,0,0,0,0,0,0,0,0,0,0,0,0,0,0,0,0,0,0,0,2,0,0,0,0,4,0,0,0,1,0,0,0,0,0,0,0,0,0,0,0,0,0,0,0,0,4,8,0,0,0
2002,1,1,0,1,0,0,0,0,21,0,12,0,0,0,0,0,0,0,0,0,206,0,0,0,24,0,0,0,32,0,0,12,0,0,0,0,0,0,10,0,24,0,0,0,0,0,0,0,0,126,0,0,0,0,48,0,0,0,33,0,0,0,0,0,0,0,0,0,0,0,0,0,0,0,0,102,278,0,0,0
2002,1,1,0,0,0,1,0,0,0,0,0,0,0,0,0,0,0,0,0,0,15,0,0,0,0,0,0,0,0,0,0,0,0,0,0,0,0,0,2,0,2,0,0,0,0,0,0,0,0,1,0,0,0,0,1,0,0,0,1,0,0,0,0,0,0,0,0,0,0,0,0,0,0,0,0,0,1,0,0,0
2002,1,1,0,0,1,0,0,0,0,0,0,0,0,0,0,0,0,0,0,0,2,0,0,0,0,0,0,0,0,0,0,0,0,0,0,0,0,0,0,0,0,0,0,0,0,0,0,0,0,2,0,0,0,0,1,0,0,0,0,0,0,0,0,0,0,0,0,0,0,0,0,0,0,0,0,1,2,0,0,0
2002,0,0,1,1,0,0,0,0,123,0,53,0,0,0,0,0,0,0,0,0,710,0,0,0,229,0,0,0,427,0,0,65,0,0,0,0,0,0,143,0,156,0,0,0,0,0,0,0,0,219,0,0,0,0,82,0,0,0,110,0,0,0,0,0,0,0,0,0,0,0,0,0,0,0,0,112,3284,0,0,0
2002,0,0,1,0,0,1,0,0,1,0,0,0,0,0,0,0,0,0,0,0,18,0,0,0,2,0,0,0,2,0,0,0,0,0,0,0,0,0,16,0,13,0,0,0,0,0,0,0,0,0,0,0,0,0,5,0,0,0,2,0,0,0,0,0,0,0,0,0,0,0,0,0,0,0,0,0,3,0,0,0
2002,0,0,1,0,1,0,0,0,1,0,0,0,0,0,0,0,0,0,0,0,35,0,0,0,3,0,0,0,15,0,0,4,0,0,0,0,0,0,15,0,11,0,0,0,0,0,0,0,0,2,0,0,0,0,7,0,0,0,1,0,0,0,0,0,0,0,0,0,0,0,0,0,0,0,0,3,127,0,0,0
2002,0,0,0,1,0,0,0,0,85,0,18,0,0,0,0,0,0,0,0,0,678,0,0,0,171,0,0,0,260,0,0,51,0,0,0,0,0,0,132,0,133,0,0,0,0,0,0,0,0,167,0,0,0,0,65,0,0,0,104,0,0,0,0,0,0,0,0,0,0,0,0,0,0,0,0,90,2621,0,0,0
2002,0,0,0,0,0,1,0,0,3,0,0,0,0,0,0,0,0,0,0,0,12,0,0,0,8,0,0,0,0,0,0,0,0,0,0,0,0,0,9,0,5,0,0,0,0,0,0,0,0,0,0,0,0,0,4,0,0,0,4,0,0,0,0,0,0,0,0,0,0,0,0,0,0,0,0,1,5,0,0,0
2002,0,0,0,0,1,0,0,0,4,0,1,0,0,0,0,0,0,0,0,0,32,0,0,0,6,0,0,0,7,0,0,4,0,0,0,0,0,0,9,0,7,0,0,0,0,0,0,0,0,2,0,0,0,0,3,0,0,0,2,0,0,0,0,0,0,0,0,0,0,0,0,0,0,0,0,0,96,0,0,0
2002,0,1,1,1,0,0,0,0,34,0,17,0,0,0,0,0,0,0,0,0,228,0,0,0,74,0,0,0,125,0,0,23,0,0,0,0,0,0,40,0,54,0,0,0,0,0,0,0,0,71,0,0,0,0,25,0,0,0,30,0,0,0,0,0,0,0,0,0,0,0,0,0,0,0,0,31,1074,0,0,0
2002,0,1,1,0,0,1,0,0,1,0,0,0,0,0,0,0,0,0,0,0,10,0,0,0,1,0,0,0,2,0,0,0,0,0,0,0,0,0,10,0,7,0,0,0,0,0,0,0,0,0,0,0,0,0,4,0,0,0,1,0,0,0,0,0,0,0,0,0,0,0,0,0,0,0,0,0,2,0,0,0
2002,0,1,1,0,1,0,0,0,0,0,0,0,0,0,0,0,0,0,0,0,10,0,0,0,3,0,0,0,8,0,0,2,0,0,0,0,0,0,3,0,4,0,0,0,0,0,0,0,0,1,0,0,0,0,3,0,0,0,0,0,0,0,0,0,0,0,0,0,0,0,0,0,0,0,0,2,48,0,0,0
2002,0,1,0,1,0,0,0,0,20,0,5,0,0,0,0,0,0,0,0,0,234,0,0,0,60,0,0,0,97,0,0,13,0,0,0,0,0,0,40,0,47,0,0,0,0,0,0,0,0,52,0,0,0,0,21,0,0,0,29,0,0,0,0,0,0,0,0,0,0,0,0,0,0,0,0,40,880,0,0,0
2002,0,1,0,0,0,1,0,0,2,0,0,0,0,0,0,0,0,0,0,0,5,0,0,0,3,0,0,0,0,0,0,0,0,0,0,0,0,0,4,0,2,0,0,0,0,0,0,0,0,0,0,0,0,0,2,0,0,0,0,0,0,0,0,0,0,0,0,0,0,0,0,0,0,0,0,1,2,0,0,0
2002,0,1,0,0,1,0,0,0,1,0,0,0,0,0,0,0,0,0,0,0,12,0,0,0,1,0,0,0,2,0,0,3,0,0,0,0,0,0,4,0,3,0,0,0,0,0,0,0,0,0,0,0,0,0,1,0,0,0,1,0,0,0,0,0,0,0,0,0,0,0,0,0,0,0,0,0,31,0,0,0
2001,1,0,1,1,0,0,0,0,120,0,37,0,0,0,0,0,0,0,0,0,674,0,0,0,78,0,0,0,78,0,0,48,0,0,0,0,0,0,27,0,77,0,0,0,0,0,0,0,0,489,0,0,0,0,143,0,0,0,115,0,0,0,0,0,0,0,0,0,0,0,0,0,0,0,0,348,989,0,0,0
2001,1,0,1,0,0,1,0,0,0,0,0,0,0,0,0,0,0,0,0,0,17,0,0,0,0,0,0,0,0,0,0,0,0,0,0,0,0,0,4,0,1,0,0,0,0,0,0,0,0,0,0,0,0,0,3,0,0,0,1,0,0,0,0,0,0,0,0,0,0,0,0,0,0,0,0,0,0,0,0,0
2001,1,0,1,0,1,0,0,0,1,0,0,0,0,0,0,0,0,0,0,0,19,0,0,0,2,0,0,0,0,0,0,0,0,0,0,0,0,0,1,0,0,0,0,0,0,0,0,0,0,2,0,0,0,0,4,0,0,0,1,0,0,0,0,0,0,0,0,0,0,0,0,0,0,0,0,5,17,0,0,0
2001,1,0,0,1,0,0,0,0,74,0,19,0,0,0,0,0,0,0,0,0,496,0,0,0,64,0,0,0,51,0,0,37,0,0,0,0,0,0,21,0,59,0,0,0,0,0,0,0,0,288,0,0,0,0,99,0,0,0,69,0,0,0,0,0,0,0,0,0,0,0,0,0,0,0,0,247,661,0,0,0
2001,1,0,0,0,0,1,0,0,0,0,0,0,0,0,0,0,0,0,0,0,23,0,0,0,1,0,0,0,0,0,0,0,0,0,0,0,0,0,7,0,1,0,0,0,0,0,0,0,0,2,0,0,0,0,1,0,0,0,1,0,0,0,0,0,0,0,0,0,0,0,0,0,0,0,0,1,6,0,0,0
2001,1,0,0,0,1,0,0,0,4,0,0,0,0,0,0,0,0,0,0,0,11,0,0,0,2,0,0,0,0,0,0,0,0,0,0,0,0,0,0,0,1,0,0,0,0,0,0,0,0,4,0,0,0,0,3,0,0,0,0,0,0,0,0,0,0,0,0,0,0,0,0,0,0,0,0,8,14,0,0,0
2001,1,1,1,1,0,0,0,0,47,0,20,0,0,0,0,0,0,0,0,0,271,0,0,0,32,0,0,0,38,0,0,16,0,0,0,0,0,0,11,0,40,0,0,0,0,0,0,0,0,219,0,0,0,0,59,0,0,0,53,0,0,0,0,0,0,0,0,0,0,0,0,0,0,0,0,151,376,0,0,0
2001,1,1,1,0,0,1,0,0,0,0,0,0,0,0,0,0,0,0,0,0,8,0,0,0,0,0,0,0,0,0,0,0,0,0,0,0,0,0,2,0,1,0,0,0,0,0,0,0,0,0,0,0,0,0,1,0,0,0,0,0,0,0,0,0,0,0,0,0,0,0,0,0,0,0,0,0,0,0,0,0
2001,1,1,1,0,1,0,0,0,0,0,0,0,0,0,0,0,0,0,0,0,10,0,0,0,1,0,0,0,0,0,0,0,0,0,0,0,0,0,1,0,0,0,0,0,0,0,0,0,0,1,0,0,0,0,2,0,0,0,1,0,0,0,0,0,0,0,0,0,0,0,0,0,0,0,0,2,10,0,0,0
2001,1,1,0,1,0,0,0,0,41,0,9,0,0,0,0,0,0,0,0,0,199,0,0,0,27,0,0,0,18,0,0,15,0,0,0,0,0,0,9,0,22,0,0,0,0,0,0,0,0,136,0,0,0,0,45,0,0,0,30,0,0,0,0,0,0,0,0,0,0,0,0,0,0,0,0,112,267,0,0,0
2001,1,1,0,0,0,1,0,0,0,0,0,0,0,0,0,0,0,0,0,0,13,0,0,0,0,0,0,0,0,0,0,0,0,0,0,0,0,0,6,0,0,0,0,0,0,0,0,0,0,1,0,0,0,0,0,0,0,0,1,0,0,0,0,0,0,0,0,0,0,0,0,0,0,0,0,1,2,0,0,0
2001,1,1,0,0,1,0,0,0,2,0,0,0,0,0,0,0,0,0,0,0,5,0,0,0,2,0,0,0,0,0,0,0,0,0,0,0,0,0,0,0,0,0,0,0,0,0,0,0,0,4,0,0,0,0,0,0,0,0,0,0,0,0,0,0,0,0,0,0,0,0,0,0,0,0,0,2,10,0,0,0
2001,0,0,1,1,0,0,0,0,102,0,41,0,0,0,0,0,0,0,0,0,527,0,0,0,172,0,0,0,337,0,0,45,0,0,0,0,0,0,121,0,118,0,0,0,0,0,0,0,0,178,0,0,0,0,67,0,0,0,97,0,0,0,0,0,0,0,0,0,0,0,0,0,0,0,0,90,2548,0,0,0
2001,0,0,1,0,0,1,0,0,0,0,0,0,0,0,0,0,0,0,0,0,21,0,0,0,1,0,0,0,0,0,0,0,0,0,0,0,0,0,7,0,7,0,0,0,0,0,0,0,0,0,0,0,0,0,2,0,0,0,1,0,0,0,0,0,0,0,0,0,0,0,0,0,0,0,0,0,1,0,0,0
2001,0,0,1,0,1,0,0,0,4,0,0,0,0,0,0,0,0,0,0,0,27,0,0,0,2,0,0,0,7,0,0,2,0,0,0,0,0,0,12,0,7,0,0,0,0,0,0,0,0,2,0,0,0,0,2,0,0,0,1,0,0,0,0,0,0,0,0,0,0,0,0,0,0,0,0,1,110,0,0,0
2001,0,0,0,1,0,0,0,0,80,0,17,0,0,0,0,0,0,0,0,0,485,0,0,0,124,0,0,0,201,0,0,43,0,0,0,0,0,0,101,0,97,0,0,0,0,0,0,0,0,133,0,0,0,0,51,0,0,0,85,0,0,0,0,0,0,0,0,0,0,0,0,0,0,0,0,59,2007,0,0,0
2001,0,0,0,0,0,1,0,0,2,0,0,0,0,0,0,0,0,0,0,0,9,0,0,0,6,0,0,0,1,0,0,0,0,0,0,0,0,0,7,0,5,0,0,0,0,0,0,0,0,0,0,0,0,0,3,0,0,0,5,0,0,0,0,0,0,0,0,0,0,0,0,0,0,0,0,1,4,0,0,0
2001,0,0,0,0,1,0,0,0,3,0,2,0,0,0,0,0,0,0,0,0,25,0,0,0,6,0,0,0,5,0,0,1,0,0,0,0,0,0,6,0,2,0,0,0,0,0,0,0,0,3,0,0,0,0,3,0,0,0,2,0,0,0,0,0,0,0,0,0,0,0,0,0,0,0,0,2,81,0,0,0
2001,0,1,1,1,0,0,0,0,36,0,20,0,0,0,0,0,0,0,0,0,209,0,0,0,66,0,0,0,135,0,0,18,0,0,0,0,0,0,41,0,43,0,0,0,0,0,0,0,0,79,0,0,0,0,32,0,0,0,38,0,0,0,0,0,0,0,0,0,0,0,0,0,0,0,0,32,930,0,0,0
2001,0,1,1,0,0,1,0,0,0,0,0,0,0,0,0,0,0,0,0,0,4,0,0,0,0,0,0,0,1,0,0,0,0,0,0,0,0,0,5,0,4,0,0,0,0,0,0,0,0,0,0,0,0,0,0,0,0,0,0,0,0,0,0,0,0,0,0,0,0,0,0,0,0,0,0,0,1,0,0,0
2001,0,1,1,0,1,0,0,0,1,0,0,0,0,0,0,0,0,0,0,0,15,0,0,0,1,0,0,0,3,0,0,1,0,0,0,0,0,0,4,0,4,0,0,0,0,0,0,0,0,0,0,0,0,0,2,0,0,0,1,0,0,0,0,0,0,0,0,0,0,0,0,0,0,0,0,0,55,0,0,0
2001,0,1,0,1,0,0,0,0,32,0,8,0,0,0,0,0,0,0,0,0,208,0,0,0,49,0,0,0,81,0,0,20,0,0,0,0,0,0,35,0,34,0,0,0,0,0,0,0,0,63,0,0,0,0,22,0,0,0,27,0,0,0,0,0,0,0,0,0,0,0,0,0,0,0,0,24,760,0,0,0
2001,0,1,0,0,0,1,0,0,1,0,0,0,0,0,0,0,0,0,0,0,5,0,0,0,4,0,0,0,0,0,0,0,0,0,0,0,0,0,3,0,3,0,0,0,0,0,0,0,0,0,0,0,0,0,2,0,0,0,2,0,0,0,0,0,0,0,0,0,0,0,0,0,0,0,0,1,1,0,0,0
2001,0,1,0,0,1,0,0,0,3,0,2,0,0,0,0,0,0,0,0,0,9,0,0,0,2,0,0,0,3,0,0,0,0,0,0,0,0,0,0,0,2,0,0,0,0,0,0,0,0,0,0,0,0,0,0,0,0,0,1,0,0,0,0,0,0,0,0,0,0,0,0,0,0,0,0,0,40,0,0,0
2000,1,0,1,1,0,0,0,0,94,0,26,0,0,0,0,0,0,0,0,0,453,0,0,0,58,0,0,0,51,0,0,34,0,0,0,0,0,0,22,0,43,0,0,0,0,0,0,0,0,330,0,0,0,0,101,0,0,0,82,0,0,0,0,0,0,0,0,0,0,0,0,0,0,0,0,224,750,0,0,0
2000,1,0,1,0,0,1,0,0,0,0,0,0,0,0,0,0,0,0,0,0,15,0,0,0,0,0,0,0,0,0,0,0,0,0,0,0,0,0,4,0,0,0,0,0,0,0,0,0,0,0,0,0,0,0,2,0,0,0,1,0,0,0,0,0,0,0,0,0,0,0,0,0,0,0,0,0,1,0,0,0
2000,1,0,1,0,1,0,0,0,1,0,0,0,0,0,0,0,0,0,0,0,7,0,0,0,1,0,0,0,1,0,0,0,0,0,0,0,0,0,0,0,0,0,0,0,0,0,0,0,0,1,0,0,0,0,3,0,0,0,0,0,0,0,0,0,0,0,0,0,0,0,0,0,0,0,0,6,12,0,0,0
2000,1,0,0,1,0,0,0,0,47,0,13,0,0,0,0,0,0,0,0,0,333,0,0,0,45,0,0,0,38,0,0,26,0,0,0,0,0,0,15,0,41,0,0,0,0,0,0,0,0,190,0,0,0,0,68,0,0,0,48,0,0,0,0,0,0,0,0,0,0,0,0,0,0,0,0,163,488,0,0,0
2000,1,0,0,0,0,1,0,0,0,0,0,0,0,0,0,0,0,0,0,0,16,0,0,0,1,0,0,0,0,0,0,0,0,0,0,0,0,0,2,0,1,0,0,0,0,0,0,0,0,1,0,0,0,0,1,0,0,0,0,0,0,0,0,0,0,0,0,0,0,0,0,0,0,0,0,1,4,0,0,0
2000,1,0,0,0,1,0,0,0,1,0,0,0,0,0,0,0,0,0,0,0,6,0,0,0,0,0,0,0,0,0,0,0,0,0,0,0,0,0,0,0,1,0,0,0,0,0,0,0,0,1,0,0,0,0,3,0,0,0,1,0,0,0,0,0,0,0,0,0,0,0,0,0,0,0,0,9,7,0,0,0
2000,1,1,1,1,0,0,0,0,53,0,17,0,0,0,0,0,0,0,0,0,239,0,0,0,29,0,0,0,17,0,0,20,0,0,0,0,0,0,15,0,26,0,0,0,0,0,0,0,0,191,0,0,0,0,60,0,0,0,47,0,0,0,0,0,0,0,0,0,0,0,0,0,0,0,0,114,415,0,0,0
2000,1,1,1,0,0,1,0,0,0,0,0,0,0,0,0,0,0,0,0,0,9,0,0,0,0,0,0,0,0,0,0,0,0,0,0,0,0,0,1,0,0,0,0,0,0,0,0,0,0,0,0,0,0,0,2,0,0,0,0,0,0,0,0,0,0,0,0,0,0,0,0,0,0,0,0,0,0,0,0,0
2000,1,1,1,0,1,0,0,0,0,0,0,0,0,0,0,0,0,0,0,0,2,0,0,0,0,0,0,0,1,0,0,0,0,0,0,0,0,0,0,0,0,0,0,0,0,0,0,0,0,1,0,0,0,0,2,0,0,0,0,0,0,0,0,0,0,0,0,0,0,0,0,0,0,0,0,4,11,0,0,0
2000,1,1,0,1,0,0,0,0,30,0,7,0,0,0,0,0,0,0,0,0,169,0,0,0,27,0,0,0,19,0,0,12,0,0,0,0,0,0,9,0,23,0,0,0,0,0,0,0,0,113,0,0,0,0,38,0,0,0,30,0,0,0,0,0,0,0,0,0,0,0,0,0,0,0,0,94,261,0,0,0
2000,1,1,0,0,0,1,0,0,0,0,0,0,0,0,0,0,0,0,0,0,9,0,0,0,1,0,0,0,0,0,0,0,0,0,0,0,0,0,1,0,1,0,0,0,0,0,0,0,0,1,0,0,0,0,1,0,0,0,0,0,0,0,0,0,0,0,0,0,0,0,0,0,0,0,0,1,2,0,0,0
2000,1,1,0,0,1,0,0,0,0,0,0,0,0,0,0,0,0,0,0,0,1,0,0,0,1,0,0,0,0,0,0,0,0,0,0,0,0,0,0,0,1,0,0,0,0,0,0,0,0,1,0,0,0,0,3,0,0,0,1,0,0,0,0,0,0,0,0,0,0,0,0,0,0,0,0,3,5,0,0,0
2000,0,0,1,1,0,0,0,0,71,0,26,0,0,0,0,0,0,0,0,0,352,0,0,0,121,0,0,0,232,0,0,28,0,0,0,0,0,0,85,0,83,0,0,0,0,0,0,0,0,119,0,0,0,0,39,0,0,0,67,0,0,0,0,0,0,0,0,0,0,0,0,0,0,0,0,64,1880,0,0,0
2000,0,0,1,0,0,1,0,0,0,0,0,0,0,0,0,0,0,0,0,0,21,0,0,0,1,0,0,0,0,0,0,0,0,0,0,0,0,0,6,0,5,0,0,0,0,0,0,0,0,0,0,0,0,0,3,0,0,0,1,0,0,0,0,0,0,0,0,0,0,0,0,0,0,0,0,0,2,0,0,0
2000,0,0,1,0,1,0,0,0,2,0,0,0,0,0,0,0,0,0,0,0,15,0,0,0,2,0,0,0,6,0,0,1,0,0,0,0,0,0,10,0,5,0,0,0,0,0,0,0,0,2,0,0,0,0,2,0,0,0,0,0,0,0,0,0,0,0,0,0,0,0,0,0,0,0,0,1,79,0,0,0
2000,0,0,0,1,0,0,0,0,58,0,11,0,0,0,0,0,0,0,0,0,301,0,0,0,89,0,0,0,134,0,0,26,0,0,0,0,0,0,69,0,80,0,0,0,0,0,0,0,0,87,0,0,0,0,32,0,0,0,68,0,0,0,0,0,0,0,0,0,0,0,0,0,0,0,0,43,1453,0,0,0
2000,0,0,0,0,0,1,0,0,1,0,0,0,0,0,0,0,0,0,0,0,8,0,0,0,2,0,0,0,1,0,0,0,0,0,0,0,0,0,6,0,4,0,0,0,0,0,0,0,0,0,0,0,0,0,1,0,0,0,4,0,0,0,0,0,0,0,0,0,0,0,0,0,0,0,0,0,5,0,0,0
2000,0,0,0,0,1,0,0,0,0,0,0,0,0,0,0,0,0,0,0,0,19,0,0,0,6,0,0,0,3,0,0,1,0,0,0,0,0,0,7,0,1,0,0,0,0,0,0,0,0,3,0,0,0,0,3,0,0,0,1,0,0,0,0,0,0,0,0,0,0,0,0,0,0,0,0,2,57,0,0,0
2000,0,1,1,1,0,0,0,0,40,0,12,0,0,0,0,0,0,0,0,0,198,0,0,0,64,0,0,0,124,0,0,15,0,0,0,0,0,0,47,0,45,0,0,0,0,0,0,0,0,64,0,0,0,0,21,0,0,0,30,0,0,0,0,0,0,0,0,0,0,0,0,0,0,0,0,34,1033,0,0,0
2000,0,1,1,0,0,1,0,0,0,0,0,0,0,0,0,0,0,0,0,0,13,0,0,0,1,0,0,0,0,0,0,0,0,0,0,0,0,0,2,0,4,0,0,0,0,0,0,0,0,0,0,0,0,0,3,0,0,0,1,0,0,0,0,0,0,0,0,0,0,0,0,0,0,0,0,0,1,0,0,0
2000,0,1,1,0,1,0,0,0,1,0,0,0,0,0,0,0,0,0,0,0,10,0,0,0,1,0,0,0,0,0,0,0,0,0,0,0,0,0,9,0,3,0,0,0,0,0,0,0,0,1,0,0,0,0,0,0,0,0,0,0,0,0,0,0,0,0,0,0,0,0,0,0,0,0,0,0,51,0,0,0
2000,0,1,0,1,0,0,0,0,29,0,7,0,0,0,0,0,0,0,0,0,172,0,0,0,53,0,0,0,81,0,0,15,0,0,0,0,0,0,43,0,47,0,0,0,0,0,0,0,0,56,0,0,0,0,17,0,0,0,37,0,0,0,0,0,0,0,0,0,0,0,0,0,0,0,0,24,819,0,0,0
2000,0,1,0,0,0,1,0,0,1,0,0,0,0,0,0,0,0,0,0,0,5,0,0,0,2,0,0,0,0,0,0,0,0,0,0,0,0,0,5,0,3,0,0,0,0,0,0,0,0,0,0,0,0,0,1,0,0,0,2,0,0,0,0,0,0,0,0,0,0,0,0,0,0,0,0,0,4,0,0,0
2000,0,1,0,0,1,0,0,0,0,0,0,0,0,0,0,0,0,0,0,0,9,0,0,0,6,0,0,0,1,0,0,0,0,0,0,0,0,0,3,0,1,0,0,0,0,0,0,0,0,3,0,0,0,0,0,0,0,0,0,0,0,0,0,0,0,0,0,0,0,0,0,0,0,0,0,1,41,0,0,0
